axis-aligned|10,4;8,5;5,7;4,10;4,20;5,22;7,25;10,26;40,26;42,25;45,23;46,20;46,10;45,8;43,5;40,4
fractional-rotated|7,0;4,3;-1,17;-1,22;1,25;4,28;36,39;41,39;45,37;47,33;51,20;51,16;49,13;46,11;15,-1;10,-2
en-quality-16.box-0|30,11;23,13;18,17;15,22;14,27;14,48;16,55;20,60;25,63;30,64;295,64;302,62;307,58;310,53;311,48;311,27;309,20;305,15;300,12;295,11
fr-nonrefundable-16.box-0|30,9;26,10;20,12;16,16;13,21;12,27;12,51;13,55;15,61;19,65;24,68;30,69;366,69;370,68;376,66;380,62;383,57;384,51;384,27;383,23;381,17;377,13;372,10;366,9
zh-hans-quality-16.box-1|29,15;22,17;18,20;15,25;14,30;14,51;16,58;19,62;24,65;29,66;212,66;219,64;223,61;226,56;227,51;227,30;225,23;222,19;217,16;212,15
zh-hans-quality-16.box-0|30,41;23,43;19,46;16,51;15,56;15,77;17,84;20,88;25,91;30,92;228,92;235,90;239,87;242,82;243,77;243,56;241,49;238,45;233,42;228,41
zh-hant-quality-16.box-1|21,13;17,17;14,22;13,27;13,49;15,56;19,61;23,64;29,65;212,67;220,65;224,61;227,56;228,51;228,29;226,22;222,17;218,14;212,13;29,11
zh-hant-quality-16.box-0|30,41;23,43;19,46;16,51;15,56;15,77;17,84;20,88;25,91;30,92;228,92;235,90;239,87;242,82;243,77;243,56;241,49;238,45;233,42;228,41
mixed-quality-16.box-2|29,15;23,16;19,19;16,24;15,29;15,50;16,56;19,60;24,63;29,64;150,64;156,63;160,60;163,55;164,50;164,29;163,23;160,19;155,16;150,15
mixed-quality-16.box-1|29,39;22,41;18,44;15,49;14,54;14,75;16,82;19,86;24,89;29,90;219,90;226,88;230,85;233,80;234,75;234,54;232,47;229,43;224,40;219,39
mixed-quality-16.box-0|29,68;22,70;18,73;15,78;14,83;14,105;16,112;19,116;24,119;29,120;145,120;152,118;156,115;159,110;160,105;160,83;158,76;155,72;150,69;145,68
two-blocks.box-1|4,-3;-3,-1;-7,2;-10,7;-11,12;-11,43;-9,50;-6,54;-1,57;4,58;50,58;57,56;61,53;64,48;65,43;65,12;63,5;60,1;55,-2;50,-3
two-blocks.box-0|72,-3;65,-1;61,2;58,7;57,12;57,43;59,50;62,54;67,57;72,58;118,58;125,56;129,53;132,48;133,43;133,12;131,5;128,1;123,-2;118,-3
edge-touching.box-0|0,-15;-6,-13;-11,-10;-14,-5;-15,0;-15,28;-13,34;-10,39;-5,42;0,43;52,43;58,41;63,38;66,33;67,28;67,0;65,-6;62,-11;57,-14;52,-15
vertical.box-0|45,-13;40,-12;34,-10;30,-5;27,0;26,6;26,120;27,125;29,131;34,135;39,138;45,139;75,139;80,138;86,136;90,131;93,126;94,120;94,6;93,1;91,-5;86,-9;81,-12;75,-13
half-1-0-0|0,-1;-1,0;-1,3;0,5;3,5;5,3;5,0;3,-1
half-1-0-1|0,-1;-1,0;-1,3;0,5;3,5;5,3;5,0;3,-1
half-1-1-0|0,-1;-1,0;-1,4;0,6;4,6;6,4;6,0;4,-1
half-1-1-1|0,-1;-1,0;-1,4;0,6;4,6;6,4;6,0;4,-1
half-1-2-0|-8,-9;-9,-8;-9,-4;-8,-2;-4,-2;-2,-4;-2,-8;-4,-9
half-1-2-1|-8,-9;-9,-8;-9,-4;-8,-2;-4,-2;-2,-4;-2,-8;-4,-9
half-1-3-0|4090,4089;4089,4090;4089,4093;4090,4095;4093,4095;4095,4093;4095,4090;4093,4089
half-1-3-1|4090,4089;4089,4090;4089,4093;4090,4095;4093,4095;4095,4093;4095,4090;4093,4089
half-2-0-0|-2,-2;-2,8;0,9;6,9;8,8;9,6;9,0;8,-2
half-2-0-1|-2,-2;-2,8;0,9;6,9;8,8;9,6;9,0;8,-2
half-2-1-0|-2,-2;-2,8;0,9;6,9;8,8;9,6;9,0;8,-2
half-2-1-1|-2,-2;-2,8;0,9;6,9;8,8;9,6;9,0;8,-2
half-2-2-0|-10,-10;-10,0;-8,1;-2,1;0,0;1,-2;1,-8;0,-10
half-2-2-1|-10,-10;-10,0;-8,1;-2,1;0,0;1,-2;1,-8;0,-10
half-2-3-0|4088,4088;4088,4098;4090,4099;4096,4099;4098,4098;4099,4096;4099,4090;4098,4088
half-2-3-1|4088,4088;4088,4098;4090,4099;4096,4099;4098,4098;4099,4096;4099,4090;4098,4088
half-3-0-0|0,-3;-3,-2;-3,8;-2,11;0,12;8,12;11,10;12,8;12,0;10,-3
half-3-0-1|0,-3;-3,-2;-3,8;-2,11;0,12;8,12;11,10;12,8;12,0;10,-3
half-3-1-0|0,-3;-3,-2;-3,9;-2,12;0,13;9,13;12,11;13,9;13,0;11,-3
half-3-1-1|0,-3;-3,-2;-3,9;-2,12;0,13;9,13;12,11;13,9;13,0;11,-3
half-3-2-0|-8,-11;-11,-10;-11,0;-10,3;-8,4;0,4;3,2;4,0;4,-8;2,-11
half-3-2-1|-8,-11;-11,-10;-11,0;-10,3;-8,4;0,4;3,2;4,0;4,-8;2,-11
half-3-3-0|4090,4087;4087,4088;4087,4098;4088,4101;4090,4102;4098,4102;4101,4100;4102,4098;4102,4090;4100,4087
half-3-3-1|4090,4087;4087,4088;4087,4098;4088,4101;4090,4102;4098,4102;4101,4100;4102,4098;4102,4090;4100,4087
half-4-0-0|0,-4;-4,-3;-4,11;-3,15;0,16;11,16;15,14;16,11;16,0;14,-4
half-4-0-1|0,-4;-4,-3;-4,11;-3,15;0,16;11,16;15,14;16,11;16,0;14,-4
half-4-1-0|0,-4;-4,-3;-4,11;-3,15;0,16;11,16;15,14;16,11;16,0;14,-4
half-4-1-1|0,-4;-4,-3;-4,11;-3,15;0,16;11,16;15,14;16,11;16,0;14,-4
half-4-2-0|-8,-12;-12,-11;-12,2;-11,6;-8,7;2,7;6,5;7,2;7,-8;5,-12
half-4-2-1|-8,-12;-12,-11;-12,2;-11,6;-8,7;2,7;6,5;7,2;7,-8;5,-12
half-4-3-0|4090,4086;4086,4087;4086,4101;4087,4105;4090,4106;4101,4106;4105,4104;4106,4101;4106,4090;4104,4086
half-4-3-1|4090,4086;4086,4087;4086,4101;4087,4105;4090,4106;4101,4106;4105,4104;4106,4101;4106,4090;4104,4086
half-5-0-0|-2,-5;-5,-3;-5,15;-3,18;0,19;13,19;15,18;18,16;19,13;19,0;18,-2;16,-5
half-5-0-1|-2,-5;-5,-3;-5,15;-3,18;0,19;13,19;15,18;18,16;19,13;19,0;18,-2;16,-5
half-5-1-0|-2,-5;-5,-3;-5,16;-3,19;0,20;14,20;16,19;19,17;20,14;20,0;19,-2;17,-5
half-5-1-1|-2,-5;-5,-3;-5,16;-3,19;0,20;14,20;16,19;19,17;20,14;20,0;19,-2;17,-5
half-5-2-0|-10,-13;-13,-11;-13,7;-11,10;-8,11;5,11;7,10;10,8;11,5;11,-8;10,-10;8,-13
half-5-2-1|-10,-13;-13,-11;-13,7;-11,10;-8,11;5,11;7,10;10,8;11,5;11,-8;10,-10;8,-13
half-5-3-0|4088,4085;4085,4087;4085,4105;4087,4108;4090,4109;4103,4109;4105,4108;4108,4106;4109,4103;4109,4090;4108,4088;4106,4085
half-5-3-1|4088,4085;4085,4087;4085,4105;4087,4108;4090,4109;4103,4109;4105,4108;4108,4106;4109,4103;4109,4090;4108,4088;4106,4085
half-6-0-0|-3,-6;-6,-3;-6,19;-3,22;0,23;16,23;19,22;22,19;23,16;23,0;22,-3;19,-6
half-6-0-1|-3,-6;-6,-3;-6,19;-3,22;0,23;16,23;19,22;22,19;23,16;23,0;22,-3;19,-6
half-6-1-0|-3,-6;-6,-3;-6,19;-3,22;0,23;16,23;19,22;22,19;23,16;23,0;22,-3;19,-6
half-6-1-1|-3,-6;-6,-3;-6,19;-3,22;0,23;16,23;19,22;22,19;23,16;23,0;22,-3;19,-6
half-6-2-0|-11,-14;-14,-11;-14,10;-11,13;-8,14;7,14;10,13;13,10;14,7;14,-8;13,-11;10,-14
half-6-2-1|-11,-14;-14,-11;-14,10;-11,13;-8,14;7,14;10,13;13,10;14,7;14,-8;13,-11;10,-14
half-6-3-0|4087,4084;4084,4087;4084,4109;4087,4112;4090,4113;4106,4113;4109,4112;4112,4109;4113,4106;4113,4090;4112,4087;4109,4084
half-6-3-1|4087,4084;4084,4087;4084,4109;4087,4112;4090,4113;4106,4113;4109,4112;4112,4109;4113,4106;4113,4090;4112,4087;4109,4084
half-7-0-0|0,-7;-4,-6;-7,-4;-7,18;-6,22;-4,25;0,26;18,26;22,24;25,22;26,18;26,0;24,-4;22,-7
half-7-0-1|0,-7;-4,-6;-7,-4;-7,18;-6,22;-4,25;0,26;18,26;22,24;25,22;26,18;26,0;24,-4;22,-7
half-7-1-0|0,-7;-4,-6;-7,-4;-7,19;-6,23;-4,26;0,27;19,27;23,25;26,23;27,19;27,0;25,-4;23,-7
half-7-1-1|0,-7;-4,-6;-7,-4;-7,19;-6,23;-4,26;0,27;19,27;23,25;26,23;27,19;27,0;25,-4;23,-7
half-7-2-0|-8,-15;-12,-14;-15,-12;-15,10;-14,14;-12,17;-8,18;10,18;14,16;17,14;18,10;18,-8;16,-12;14,-15
half-7-2-1|-8,-15;-12,-14;-15,-12;-15,10;-14,14;-12,17;-8,18;10,18;14,16;17,14;18,10;18,-8;16,-12;14,-15
half-7-3-0|4090,4083;4086,4084;4083,4086;4083,4108;4084,4112;4086,4115;4090,4116;4108,4116;4112,4114;4115,4112;4116,4108;4116,4090;4114,4086;4112,4083
half-7-3-1|4090,4083;4086,4084;4083,4086;4083,4108;4084,4112;4086,4115;4090,4116;4108,4116;4112,4114;4115,4112;4116,4108;4116,4090;4114,4086;4112,4083
half-8-0-0|0,-8;-5,-7;-8,-4;-8,21;-7,26;-4,29;0,30;21,30;26,28;29,25;30,21;30,0;28,-5;25,-8
half-8-0-1|0,-8;-5,-7;-8,-4;-8,21;-7,26;-4,29;0,30;21,30;26,28;29,25;30,21;30,0;28,-5;25,-8
half-8-1-0|0,-8;-5,-7;-8,-4;-8,21;-7,26;-4,29;0,30;21,30;26,28;29,25;30,21;30,0;28,-5;25,-8
half-8-1-1|0,-8;-5,-7;-8,-4;-8,21;-7,26;-4,29;0,30;21,30;26,28;29,25;30,21;30,0;28,-5;25,-8
half-8-2-0|-8,-16;-13,-15;-16,-12;-16,12;-15,17;-12,20;-8,21;12,21;17,19;20,16;21,12;21,-8;19,-13;16,-16
half-8-2-1|-8,-16;-13,-15;-16,-12;-16,12;-15,17;-12,20;-8,21;12,21;17,19;20,16;21,12;21,-8;19,-13;16,-16
half-8-3-0|4090,4082;4085,4083;4082,4086;4082,4111;4083,4116;4086,4119;4090,4120;4111,4120;4116,4118;4119,4115;4120,4111;4120,4090;4118,4085;4115,4082
half-8-3-1|4090,4082;4085,4083;4082,4086;4082,4111;4083,4116;4086,4119;4090,4120;4111,4120;4116,4118;4119,4115;4120,4111;4120,4090;4118,4085;4115,4082
half-9-0-0|0,-9;-6,-8;-9,-4;-9,23;-8,29;-4,32;0,33;23,33;29,31;32,27;33,23;33,0;31,-6;27,-9
half-9-0-1|0,-9;-6,-8;-9,-4;-9,23;-8,29;-4,32;0,33;23,33;29,31;32,27;33,23;33,0;31,-6;27,-9
half-9-1-0|0,-9;-6,-8;-9,-4;-9,24;-8,30;-4,33;0,34;24,34;30,32;33,28;34,24;34,0;32,-6;28,-9
half-9-1-1|0,-9;-6,-8;-9,-4;-9,24;-8,30;-4,33;0,34;24,34;30,32;33,28;34,24;34,0;32,-6;28,-9
half-9-2-0|-8,-17;-14,-16;-17,-12;-17,15;-16,21;-12,24;-8,25;15,25;21,23;24,19;25,15;25,-8;23,-14;19,-17
half-9-2-1|-8,-17;-14,-16;-17,-12;-17,15;-16,21;-12,24;-8,25;15,25;21,23;24,19;25,15;25,-8;23,-14;19,-17
half-9-3-0|4090,4081;4084,4082;4081,4086;4081,4113;4082,4119;4086,4122;4090,4123;4113,4123;4119,4121;4122,4117;4123,4113;4123,4090;4121,4084;4117,4081
half-9-3-1|4090,4081;4084,4082;4081,4086;4081,4113;4082,4119;4086,4122;4090,4123;4113,4123;4119,4121;4122,4117;4123,4113;4123,4090;4121,4084;4117,4081
half-10-0-0|-3,-10;-7,-8;-10,-4;-10,29;-8,33;-4,36;0,37;26,37;29,36;33,34;36,30;37,26;37,0;36,-3;34,-7;30,-10
half-10-0-1|-3,-10;-7,-8;-10,-4;-10,29;-8,33;-4,36;0,37;26,37;29,36;33,34;36,30;37,26;37,0;36,-3;34,-7;30,-10
half-10-1-0|-3,-10;-7,-8;-10,-4;-10,29;-8,33;-4,36;0,37;26,37;29,36;33,34;36,30;37,26;37,0;36,-3;34,-7;30,-10
half-10-1-1|-3,-10;-7,-8;-10,-4;-10,29;-8,33;-4,36;0,37;26,37;29,36;33,34;36,30;37,26;37,0;36,-3;34,-7;30,-10
half-10-2-0|-11,-18;-15,-16;-18,-12;-18,20;-16,24;-12,27;-8,28;17,28;20,27;24,25;27,21;28,17;28,-8;27,-11;25,-15;21,-18
half-10-2-1|-11,-18;-15,-16;-18,-12;-18,20;-16,24;-12,27;-8,28;17,28;20,27;24,25;27,21;28,17;28,-8;27,-11;25,-15;21,-18
half-10-3-0|4087,4080;4083,4082;4080,4086;4080,4119;4082,4123;4086,4126;4090,4127;4116,4127;4119,4126;4123,4124;4126,4120;4127,4116;4127,4090;4126,4087;4124,4083;4120,4080
half-10-3-1|4087,4080;4083,4082;4080,4086;4080,4119;4082,4123;4086,4126;4090,4127;4116,4127;4119,4126;4123,4124;4126,4120;4127,4116;4127,4090;4126,4087;4124,4083;4120,4080
half-11-0-0|-4,-11;-8,-9;-11,-5;-11,32;-9,36;-5,39;0,40;28,40;32,39;36,37;39,33;40,28;40,0;39,-4;37,-8;33,-11
half-11-0-1|-4,-11;-8,-9;-11,-5;-11,32;-9,36;-5,39;0,40;28,40;32,39;36,37;39,33;40,28;40,0;39,-4;37,-8;33,-11
half-11-1-0|-4,-11;-8,-9;-11,-5;-11,33;-9,37;-5,40;0,41;29,41;33,40;37,38;40,34;41,29;41,0;40,-4;38,-8;34,-11
half-11-1-1|-4,-11;-8,-9;-11,-5;-11,33;-9,37;-5,40;0,41;29,41;33,40;37,38;40,34;41,29;41,0;40,-4;38,-8;34,-11
half-11-2-0|-12,-19;-16,-17;-19,-13;-19,24;-17,28;-13,31;-8,32;20,32;24,31;28,29;31,25;32,20;32,-8;31,-12;29,-16;25,-19
half-11-2-1|-12,-19;-16,-17;-19,-13;-19,24;-17,28;-13,31;-8,32;20,32;24,31;28,29;31,25;32,20;32,-8;31,-12;29,-16;25,-19
half-11-3-0|4086,4079;4082,4081;4079,4085;4079,4122;4081,4126;4085,4129;4090,4130;4118,4130;4122,4129;4126,4127;4129,4123;4130,4118;4130,4090;4129,4086;4127,4082;4123,4079
half-11-3-1|4086,4079;4082,4081;4079,4085;4079,4122;4081,4126;4085,4129;4090,4130;4118,4130;4122,4129;4126,4127;4129,4123;4130,4118;4130,4090;4129,4086;4127,4082;4123,4079
half-12-0-0|-5,-12;-9,-9;-12,-5;-12,36;-9,40;-5,43;0,44;31,44;36,43;40,40;43,36;44,31;44,0;43,-5;40,-9;36,-12
half-12-0-1|-5,-12;-9,-9;-12,-5;-12,36;-9,40;-5,43;0,44;31,44;36,43;40,40;43,36;44,31;44,0;43,-5;40,-9;36,-12
half-12-1-0|-5,-12;-9,-9;-12,-5;-12,36;-9,40;-5,43;0,44;31,44;36,43;40,40;43,36;44,31;44,0;43,-5;40,-9;36,-12
half-12-1-1|-5,-12;-9,-9;-12,-5;-12,36;-9,40;-5,43;0,44;31,44;36,43;40,40;43,36;44,31;44,0;43,-5;40,-9;36,-12
half-12-2-0|-13,-20;-17,-17;-20,-13;-20,27;-17,31;-13,34;-8,35;22,35;27,34;31,31;34,27;35,22;35,-8;34,-13;31,-17;27,-20
half-12-2-1|-13,-20;-17,-17;-20,-13;-20,27;-17,31;-13,34;-8,35;22,35;27,34;31,31;34,27;35,22;35,-8;34,-13;31,-17;27,-20
half-12-3-0|4085,4078;4081,4081;4078,4085;4078,4126;4081,4130;4085,4133;4090,4134;4121,4134;4126,4133;4130,4130;4133,4126;4134,4121;4134,4090;4133,4085;4130,4081;4126,4078
half-12-3-1|4085,4078;4081,4081;4078,4085;4078,4126;4081,4130;4085,4133;4090,4134;4121,4134;4126,4133;4130,4130;4133,4126;4134,4121;4134,4090;4133,4085;4130,4081;4126,4078
half-13-0-0|0,-13;-5,-12;-10,-9;-13,-5;-13,33;-12,38;-9,43;-5,46;0,47;33,47;38,45;43,42;46,38;47,33;47,0;45,-5;42,-10;38,-13
half-13-0-1|0,-13;-5,-12;-10,-9;-13,-5;-13,33;-12,38;-9,43;-5,46;0,47;33,47;38,45;43,42;46,38;47,33;47,0;45,-5;42,-10;38,-13
half-13-1-0|0,-13;-5,-12;-10,-9;-13,-5;-13,34;-12,39;-9,44;-5,47;0,48;34,48;39,46;44,43;47,39;48,34;48,0;46,-5;43,-10;39,-13
half-13-1-1|0,-13;-5,-12;-10,-9;-13,-5;-13,34;-12,39;-9,44;-5,47;0,48;34,48;39,46;44,43;47,39;48,34;48,0;46,-5;43,-10;39,-13
half-13-2-0|-8,-21;-13,-20;-18,-17;-21,-13;-21,25;-20,30;-17,35;-13,38;-8,39;25,39;30,37;35,34;38,30;39,25;39,-8;37,-13;34,-18;30,-21
half-13-2-1|-8,-21;-13,-20;-18,-17;-21,-13;-21,25;-20,30;-17,35;-13,38;-8,39;25,39;30,37;35,34;38,30;39,25;39,-8;37,-13;34,-18;30,-21
half-13-3-0|4090,4077;4085,4078;4080,4081;4077,4085;4077,4123;4078,4128;4081,4133;4085,4136;4090,4137;4123,4137;4128,4135;4133,4132;4136,4128;4137,4123;4137,4090;4135,4085;4132,4080;4128,4077
half-13-3-1|4090,4077;4085,4078;4080,4081;4077,4085;4077,4123;4078,4128;4081,4133;4085,4136;4090,4137;4123,4137;4128,4135;4133,4132;4136,4128;4137,4123;4137,4090;4135,4085;4132,4080;4128,4077
half-14-0-0|0,-14;-6,-13;-11,-10;-14,-5;-14,36;-13,42;-10,47;-5,50;0,51;36,51;42,49;47,46;50,41;51,36;51,0;49,-6;46,-11;41,-14
half-14-0-1|0,-14;-6,-13;-11,-10;-14,-5;-14,36;-13,42;-10,47;-5,50;0,51;36,51;42,49;47,46;50,41;51,36;51,0;49,-6;46,-11;41,-14
half-14-1-0|0,-14;-6,-13;-11,-10;-14,-5;-14,36;-13,42;-10,47;-5,50;0,51;36,51;42,49;47,46;50,41;51,36;51,0;49,-6;46,-11;41,-14
half-14-1-1|0,-14;-6,-13;-11,-10;-14,-5;-14,36;-13,42;-10,47;-5,50;0,51;36,51;42,49;47,46;50,41;51,36;51,0;49,-6;46,-11;41,-14
half-14-2-0|-8,-22;-14,-21;-19,-18;-22,-13;-22,27;-21,33;-18,38;-13,41;-8,42;27,42;33,40;38,37;41,32;42,27;42,-8;40,-14;37,-19;32,-22
half-14-2-1|-8,-22;-14,-21;-19,-18;-22,-13;-22,27;-21,33;-18,38;-13,41;-8,42;27,42;33,40;38,37;41,32;42,27;42,-8;40,-14;37,-19;32,-22
half-14-3-0|4090,4076;4084,4077;4079,4080;4076,4085;4076,4126;4077,4132;4080,4137;4085,4140;4090,4141;4126,4141;4132,4139;4137,4136;4140,4131;4141,4126;4141,4090;4139,4084;4136,4079;4131,4076
half-14-3-1|4090,4076;4084,4077;4079,4080;4076,4085;4076,4126;4077,4132;4080,4137;4085,4140;4090,4141;4126,4141;4132,4139;4137,4136;4140,4131;4141,4126;4141,4090;4139,4084;4136,4079;4131,4076
half-15-0-0|0,-15;-7,-14;-12,-10;-15,-5;-15,38;-14,45;-10,50;-5,53;0,54;38,54;45,52;50,48;53,43;54,38;54,0;52,-7;48,-12;43,-15
half-15-0-1|0,-15;-7,-14;-12,-10;-15,-5;-15,38;-14,45;-10,50;-5,53;0,54;38,54;45,52;50,48;53,43;54,38;54,0;52,-7;48,-12;43,-15
half-15-1-0|0,-15;-7,-14;-12,-10;-15,-5;-15,39;-14,46;-10,51;-5,54;0,55;39,55;46,53;51,49;54,44;55,39;55,0;53,-7;49,-12;44,-15
half-15-1-1|0,-15;-7,-14;-12,-10;-15,-5;-15,39;-14,46;-10,51;-5,54;0,55;39,55;46,53;51,49;54,44;55,39;55,0;53,-7;49,-12;44,-15
half-15-2-0|-8,-23;-15,-22;-20,-18;-23,-13;-23,30;-22,37;-18,42;-13,45;-8,46;30,46;37,44;42,40;45,35;46,30;46,-8;44,-15;40,-20;35,-23
half-15-2-1|-8,-23;-15,-22;-20,-18;-23,-13;-23,30;-22,37;-18,42;-13,45;-8,46;30,46;37,44;42,40;45,35;46,30;46,-8;44,-15;40,-20;35,-23
half-15-3-0|4090,4075;4083,4076;4078,4080;4075,4085;4075,4128;4076,4135;4080,4140;4085,4143;4090,4144;4128,4144;4135,4142;4140,4138;4143,4133;4144,4128;4144,4090;4142,4083;4138,4078;4133,4075
half-15-3-1|4090,4075;4083,4076;4078,4080;4075,4085;4075,4128;4076,4135;4080,4140;4085,4143;4090,4144;4128,4144;4135,4142;4140,4138;4143,4133;4144,4128;4144,4090;4142,4083;4138,4078;4133,4075
half-16-0-0|-3,-16;-8,-14;-13,-11;-16,-6;-16,44;-14,49;-11,54;-6,57;0,58;41,58;44,57;49,55;54,52;57,47;58,41;58,0;57,-3;55,-8;52,-13;47,-16
half-16-0-1|-3,-16;-8,-14;-13,-11;-16,-6;-16,44;-14,49;-11,54;-6,57;0,58;41,58;44,57;49,55;54,52;57,47;58,41;58,0;57,-3;55,-8;52,-13;47,-16
half-16-1-0|-3,-16;-8,-14;-13,-11;-16,-6;-16,44;-14,49;-11,54;-6,57;0,58;41,58;44,57;49,55;54,52;57,47;58,41;58,0;57,-3;55,-8;52,-13;47,-16
half-16-1-1|-3,-16;-8,-14;-13,-11;-16,-6;-16,44;-14,49;-11,54;-6,57;0,58;41,58;44,57;49,55;54,52;57,47;58,41;58,0;57,-3;55,-8;52,-13;47,-16
half-16-2-0|-11,-24;-16,-22;-21,-19;-24,-14;-24,35;-22,40;-19,45;-14,48;-8,49;32,49;35,48;40,46;45,43;48,38;49,32;49,-8;48,-11;46,-16;43,-21;38,-24
half-16-2-1|-11,-24;-16,-22;-21,-19;-24,-14;-24,35;-22,40;-19,45;-14,48;-8,49;32,49;35,48;40,46;45,43;48,38;49,32;49,-8;48,-11;46,-16;43,-21;38,-24
half-16-3-0|4087,4074;4082,4076;4077,4079;4074,4084;4074,4134;4076,4139;4079,4144;4084,4147;4090,4148;4131,4148;4134,4147;4139,4145;4144,4142;4147,4137;4148,4131;4148,4090;4147,4087;4145,4082;4142,4077;4137,4074
half-16-3-1|4087,4074;4082,4076;4077,4079;4074,4084;4074,4134;4076,4139;4079,4144;4084,4147;4090,4148;4131,4148;4134,4147;4139,4145;4144,4142;4147,4137;4148,4131;4148,4090;4147,4087;4145,4082;4142,4077;4137,4074
rotated-0|-37,-82;-45,-80;-52,-76;-58,-71;-62,-64;-65,-56;-82,25;-82,37;-80,45;-76,52;-71,58;-64,62;-56,65;25,82;37,82;45,80;52,76;58,71;62,64;65,56;82,-25;82,-37;80,-45;76,-52;71,-58;64,-62;56,-65;-25,-82
rotated-1|-43,-25;-48,-22;-51,-18;-52,-12;-54,12;-53,19;-50,24;-45,27;-40,28;41,33;48,32;53,29;56,25;57,19;59,-5;58,-12;55,-17;50,-20;45,-21;-36,-26
rotated-2|2030,1839;2024,1841;2018,1845;2013,1850;2010,1856;2009,1863;2005,2231;2007,2240;2010,2246;2015,2251;2021,2254;2028,2255;2061,2256;2065,2256;2071,2254;2077,2250;2082,2245;2085,2239;2086,2232;2090,1864;2088,1855;2085,1849;2080,1844;2074,1841;2067,1840;2034,1839
rotated-3|4075,3907;4065,3910;4055,3914;3960,3966;3947,3975;3940,3984;3935,3993;3931,4003;3930,4014;3930,4025;3933,4035;3937,4045;4045,4242;4054,4255;4063,4262;4072,4267;4082,4271;4093,4272;4104,4272;4114,4269;4124,4265;4219,4213;4232,4204;4239,4195;4244,4186;4248,4176;4249,4165;4249,4154;4246,4144;4242,4134;4134,3937;4125,3924;4116,3917;4107,3912;4097,3908;4086,3907
rotated-4|-200,-186;-208,-184;-216,-180;-223,-174;-228,-167;-256,-119;-260,-111;-262,-102;-261,-93;-259,-85;-255,-77;-249,-70;-242,-65;174,181;182,185;191,187;200,186;208,184;216,180;223,174;228,167;256,119;260,111;262,102;261,93;259,85;255,77;249,70;242,65;-174,-181;-182,-185;-191,-187
rotated-5|181,-161;174,-158;-219,84;-224,88;-229,94;-232,101;-233,108;-232,116;-229,123;-209,156;-204,162;-198,166;-191,169;-183,170;-176,168;-169,165;224,-77;229,-81;234,-87;237,-94;238,-101;237,-109;234,-116;214,-149;209,-155;203,-159;196,-162;188,-163
rotated-6|2019,1996;2014,1999;2010,2004;1991,2038;1988,2044;1988,2050;1990,2056;1993,2062;1998,2065;2058,2098;2064,2100;2070,2101;2076,2099;2081,2096;2085,2091;2104,2057;2107,2051;2107,2045;2105,2039;2102,2033;2097,2030;2037,1997;2031,1995;2025,1994
rotated-7|3990,4037;3985,4039;3981,4043;3978,4047;3972,4067;3972,4076;3974,4081;3978,4085;3983,4087;4182,4142;4189,4142;4194,4140;4198,4136;4201,4132;4207,4112;4207,4103;4205,4098;4201,4094;4196,4092;3997,4037
rotated-8|-91,-122;-97,-121;-102,-118;-118,-102;-122,-94;-122,-89;-121,-83;-118,-78;78,118;86,122;91,122;97,121;102,118;118,102;122,94;122,89;121,83;118,78;-78,-118;-86,-122
rotated-9|-204,-166;-213,-164;-222,-159;-230,-153;-236,-145;-241,-136;-269,-69;-272,-61;-273,-51;-272,-41;-269,-31;-265,-23;-259,-15;-251,-8;-242,-4;181,170;189,173;199,174;209,173;218,171;227,166;235,160;241,152;246,143;274,76;277,68;278,58;277,48;274,38;270,30;264,22;256,15;247,11;-176,-163;-184,-166;-194,-167
rotated-10|2003,1905;1987,1911;1982,1914;1979,1918;1978,1923;1979,1928;2076,2183;2079,2187;2083,2190;2088,2191;2092,2190;2108,2184;2113,2181;2116,2177;2117,2172;2116,2167;2019,1912;2016,1908;2012,1905;2007,1904
rotated-11|4158,3834;4146,3836;4135,3839;4124,3845;4115,3852;4107,3861;3872,4162;3863,4175;3859,4186;3857,4198;3857,4210;3859,4221;3862,4233;3868,4243;3875,4252;3884,4260;3974,4330;3987,4338;3998,4343;4010,4345;4021,4345;4033,4343;4044,4340;4055,4334;4064,4327;4072,4318;4307,4017;4316,4004;4320,3993;4322,3981;4322,3969;4320,3958;4317,3946;4311,3936;4304,3927;4295,3919;4205,3849;4192,3841;4181,3836;4169,3834
rotated-12|-215,-209;-225,-206;-235,-201;-243,-195;-251,-187;-256,-178;-293,-105;-298,-93;-299,-82;-299,-72;-296,-61;-292,-52;-286,-43;-278,-36;-269,-30;180,203;194,208;204,209;215,209;225,206;235,201;243,195;251,187;256,178;293,105;298,93;299,82;299,72;296,61;292,52;286,43;278,36;269,30;-180,-203;-194,-208;-204,-209
rotated-13|-31,-297;-43,-295;-54,-290;-65,-284;-74,-277;-82,-268;-88,-257;-93,-246;-96,-234;-159,205;-159,223;-157,235;-152,246;-146,257;-139,266;-130,274;-119,280;-108,285;-96,288;18,304;36,304;48,302;59,297;70,291;79,284;87,275;93,264;98,253;101,241;164,-198;164,-216;162,-228;157,-239;151,-250;144,-259;135,-267;124,-273;113,-278;101,-281;-13,-297
rotated-14|2187,1931;1900,1942;1893,1942;1882,1945;1872,1949;1863,1956;1855,1964;1849,1973;1845,1983;1842,1993;1842,2004;1846,2106;1846,2113;1849,2124;1853,2134;1860,2143;1868,2151;1877,2157;1887,2161;1897,2164;1908,2164;2195,2153;2202,2153;2213,2150;2223,2146;2232,2139;2240,2131;2246,2122;2250,2112;2253,2102;2253,2091;2249,1989;2249,1982;2246,1971;2242,1961;2235,1952;2227,1944;2218,1938;2208,1934;2198,1931
rotated-15|3898,3909;3894,3912;3882,3925;3879,3930;3879,3935;3880,3940;3883,3944;4266,4268;4271,4271;4276,4272;4281,4270;4285,4267;4297,4254;4300,4249;4300,4244;4299,4239;4296,4235;3913,3911;3908,3908;3903,3907
rotated-16|-62,-77;-70,-74;-76,-70;-81,-64;-85,-57;-102,-8;-103,1;-103,8;-100,16;-96,22;-90,27;-83,31;46,76;55,77;62,77;70,74;76,70;81,64;85,57;102,8;103,-1;103,-8;100,-16;96,-22;90,-27;83,-31;-46,-76;-55,-77
rotated-17|-112,-145;-123,-142;-134,-138;-144,-133;-152,-125;-159,-116;-165,-107;-168,-96;-195,17;-197,27;-197,39;-194,50;-190,60;-184,70;-177,78;-168,85;-158,91;-147,94;97,150;106,152;117,152;128,149;139,145;149,140;157,132;164,123;170,114;173,103;200,-10;202,-20;202,-32;199,-43;195,-53;189,-63;182,-71;173,-78;163,-84;152,-87;-92,-143;-101,-145
rotated-18|1988,1836;1977,1838;1967,1842;1958,1849;1874,1916;1867,1922;1860,1931;1855,1941;1851,1951;1850,1963;1851,1974;1853,1985;1857,1995;1864,2004;2049,2236;2055,2243;2064,2250;2074,2255;2084,2259;2096,2260;2107,2259;2118,2257;2128,2253;2137,2246;2221,2179;2228,2173;2235,2164;2240,2154;2244,2144;2245,2132;2244,2121;2242,2110;2238,2100;2231,2091;2046,1859;2040,1852;2031,1845;2021,1840;2011,1836;1999,1835
rotated-19|3927,3957;3919,3959;3912,3962;3906,3968;3902,3975;3882,4016;3879,4026;3879,4034;3881,4042;3885,4049;3890,4055;3897,4060;4234,4220;4244,4222;4252,4222;4260,4220;4267,4217;4273,4211;4277,4204;4297,4163;4300,4153;4300,4145;4298,4137;4294,4130;4289,4124;4282,4119;3945,3959;3935,3957
rotated-20|-23,-36;-28,-33;-31,-29;-33,-24;-39,10;-39,18;-36,23;-32,26;-27,28;15,36;23,36;28,33;31,29;33,24;39,-10;39,-18;36,-23;32,-26;27,-28;-15,-36
rotated-21|-3,-212;-61,-203;-71,-200;-79,-196;-85,-190;-90,-183;-94,-174;-95,-165;-95,-156;-39,186;-37,194;-32,202;-26,209;-19,214;-11,218;-2,219;7,219;66,210;76,207;84,203;90,197;96,189;99,181;100,172;100,163;43,-179;40,-187;36,-195;30,-202;23,-207;15,-211;6,-212
rotated-22|2025,1891;1994,1899;1986,1902;1982,1907;1978,1913;1977,1920;1978,1927;2042,2188;2046,2196;2050,2201;2056,2204;2063,2205;2070,2204;2101,2196;2109,2193;2113,2188;2117,2182;2118,2175;2117,2168;2053,1907;2049,1899;2045,1894;2039,1891;2032,1890
rotated-23|4100,3770;4088,3772;4076,3776;4065,3783;4055,3790;4047,3800;4040,3810;4035,3822;3878,4263;3875,4273;3873,4285;3874,4298;3876,4310;3880,4322;3887,4333;3894,4343;3904,4351;3914,4358;3926,4363;4044,4405;4054,4408;4066,4410;4079,4409;4091,4407;4103,4403;4114,4396;4124,4389;4132,4379;4139,4369;4144,4357;4301,3916;4304,3906;4306,3894;4305,3881;4303,3869;4299,3857;4292,3846;4285,3836;4275,3828;4265,3821;4253,3816;4135,3774;4125,3771;4113,3769
rotated-24|-11,-76;-19,-74;-21,-73;-24,-70;-24,-67;4,71;5,74;8,76;11,76;19,74;21,73;24,70;24,67;-4,-71;-5,-74;-8,-76
rotated-25|-25,-249;-37,-246;-48,-241;-58,-235;-67,-226;-75,-217;-80,-206;-84,-195;-169,135;-172,152;-171,164;-168,176;-163,187;-157,197;-149,206;-139,213;-129,219;-117,223;1,254;18,257;30,256;42,253;53,248;63,242;72,233;80,224;85,213;89,202;174,-128;177,-145;176,-157;173,-169;168,-180;162,-190;154,-199;144,-206;134,-212;122,-216;4,-247;-13,-250
rotated-26|2144,1828;2134,1831;2125,1836;2117,1842;1845,2124;1838,2133;1834,2142;1831,2152;1830,2162;1832,2172;1835,2182;1840,2191;1846,2199;1903,2254;1912,2261;1921,2265;1931,2268;1941,2269;1951,2267;1961,2264;1970,2259;1978,2253;2250,1971;2257,1962;2261,1953;2264,1943;2265,1933;2263,1923;2260,1913;2255,1904;2249,1896;2192,1841;2183,1834;2174,1830;2164,1827;2154,1826
rotated-27|4089,4071;4086,4073;4073,4090;4072,4093;4072,4096;4074,4099;4084,4107;4087,4109;4090,4108;4093,4106;4106,4089;4107,4086;4107,4083;4105,4080;4095,4072;4092,4070
rotated-28|-73,-140;-83,-138;-92,-134;-101,-128;-108,-120;-113,-112;-157,-24;-161,-13;-163,-3;-162,7;-160,17;-156,26;-150,35;-142,42;-134,47;42,135;53,139;63,141;73,140;83,138;92,134;101,128;108,120;113,112;157,24;161,13;163,3;162,-7;160,-17;156,-26;150,-35;142,-42;134,-47;-42,-135;-53,-139;-63,-141
rotated-29|47,-156;36,-153;27,-148;-145,-38;-157,-28;-164,-19;-168,-9;-171,1;-172,12;-171,23;-168,33;-163,42;-102,137;-92,149;-83,156;-73,160;-63,163;-52,164;-42,163;-31,160;-22,155;150,45;162,35;169,26;173,16;176,6;177,-5;176,-16;173,-26;168,-35;107,-130;97,-142;88,-149;78,-153;68,-156;57,-157
rotated-30|2115,1944;2107,1947;1933,2029;1927,2032;1921,2038;1916,2045;1913,2053;1912,2061;1912,2069;1915,2078;1940,2131;1943,2136;1949,2142;1956,2147;1964,2150;1972,2151;1980,2151;1988,2148;2162,2066;2168,2063;2174,2057;2179,2050;2182,2042;2183,2034;2183,2026;2180,2017;2155,1964;2152,1959;2146,1953;2139,1948;2131,1945;2123,1944
rotated-31|4137,3983;3994,4023;3982,4028;3974,4034;3968,4042;3964,4050;3962,4059;3961,4069;3963,4078;3987,4165;3992,4177;3998,4185;4006,4191;4014,4195;4023,4197;4033,4198;4042,4196;4185,4156;4197,4151;4205,4145;4211,4137;4215,4129;4217,4120;4218,4110;4216,4101;4192,4014;4187,4002;4181,3994;4173,3988;4165,3984;4156,3982;4146,3981
rotated-32|36,-118;28,-116;20,-113;-111,18;-115,25;-118,33;-118,42;-116,50;-113,58;-60,111;-53,115;-45,118;-36,118;-28,116;-20,113;111,-18;115,-25;118,-33;118,-42;116,-50;113,-58;60,-111;53,-115;45,-118
rotated-33|-201,-19;-205,-16;-208,-11;-209,-6;-209,11;-208,17;-205,21;-200,24;-195,25;200,27;206,26;210,23;213,18;214,13;214,-4;213,-10;210,-14;205,-17;200,-18;-195,-20
rotated-34|2101,1991;1973,2024;1965,2027;1961,2032;1957,2038;1956,2045;1957,2052;1966,2088;1970,2096;1974,2101;1980,2104;1987,2105;1994,2104;2122,2071;2130,2068;2134,2063;2138,2057;2139,2050;2138,2043;2129,2007;2125,1999;2121,1994;2115,1991;2108,1990
rotated-35|4080,4019;4075,4022;4070,4027;4067,4032;4037,4122;4036,4130;4037,4136;4040,4142;4045,4146;4051,4149;4086,4160;4092,4161;4099,4160;4104,4157;4109,4152;4112,4147;4142,4057;4143,4049;4142,4043;4139,4037;4134,4033;4128,4030;4093,4019;4087,4018
rotated-36|-32,-31;-36,-28;-39,-23;-41,-18;-43,12;-41,19;-38,24;-34,27;-28,29;24,33;32,31;36,28;39,23;41,18;43,-12;41,-19;38,-24;34,-27;28,-29;-24,-33
rotated-37|-85,-90;-94,-88;-101,-84;-108,-79;-113,-72;-117,-64;-135,-6;-136,1;-136,10;-134,18;-130,26;-125,32;-118,38;-110,41;75,96;82,97;90,97;99,95;107,91;113,86;118,79;122,71;140,12;141,5;141,-4;139,-12;135,-20;129,-27;122,-32;115,-35;-70,-89;-77,-90
rotated-38|2002,1970;1995,1973;1988,1978;1983,1984;1980,1991;1978,1999;1971,2084;1972,2096;1975,2103;1980,2110;1986,2115;1994,2119;2002,2120;2082,2126;2093,2125;2100,2122;2107,2117;2112,2111;2115,2104;2117,2096;2124,2011;2123,1999;2120,1992;2115,1985;2109,1980;2101,1976;2093,1975;2013,1969
rotated-39|3998,4016;3992,4017;3988,4020;3984,4025;3973,4047;3973,4053;3974,4059;3977,4063;3982,4067;4173,4162;4175,4163;4181,4163;4187,4162;4191,4159;4195,4154;4206,4132;4206,4126;4205,4120;4202,4116;4197,4112;4006,4017;4004,4016
rotated-40|-154,-228;-163,-225;-172,-220;-179,-213;-227,-161;-232,-155;-236,-146;-239,-137;-240,-127;-239,-117;-236,-108;-231,-99;-224,-92;110,216;116,221;124,225;134,228;144,229;154,228;163,225;172,220;179,213;227,161;232,155;236,146;239,137;240,127;239,117;236,108;231,99;224,92;-110,-216;-116,-221;-124,-225;-134,-228;-144,-229
rotated-41|-108,-106;-114,-103;-118,-98;-135,-74;-138,-68;-139,-61;-138,-55;-135,-49;-130,-45;94,110;100,113;107,114;113,113;119,110;123,105;140,81;143,75;144,68;143,62;140,56;135,52;-89,-103;-95,-106;-102,-107
rotated-42|2030,1985;2012,1993;2007,1996;2005,2001;2004,2006;2005,2011;2048,2104;2051,2108;2055,2110;2060,2111;2065,2110;2083,2102;2088,2099;2090,2094;2091,2089;2090,2084;2047,1991;2044,1987;2040,1985;2035,1984
rotated-43|3996,3975;3989,3977;3982,3980;3977,3986;3955,4017;3953,4021;3951,4028;3951,4035;3953,4042;3956,4048;3962,4053;4165,4199;4169,4202;4176,4204;4183,4204;4190,4202;4197,4199;4202,4193;4224,4162;4226,4158;4228,4151;4228,4144;4226,4137;4223,4131;4217,4126;4014,3980;4010,3977;4003,3975
rotated-44|-23,-59;-29,-56;-34,-51;-38,-46;-59,7;-60,16;-59,23;-56,29;-51,34;-46,38;7,59;16,60;23,59;29,56;34,51;38,46;59,-7;60,-16;59,-23;56,-29;51,-34;46,-38;-7,-59;-16,-60
rotated-45|-220,-107;-229,-104;-238,-99;-245,-93;-251,-85;-256,-76;-258,-67;-268,0;-269,7;-268,17;-265,26;-260,34;-253,42;-246,48;-237,52;-227,54;210,114;215,115;225,114;234,111;243,106;250,100;256,92;261,83;263,74;273,7;274,0;273,-10;270,-19;265,-27;258,-35;251,-41;242,-45;232,-47;-205,-107;-210,-108
rotated-46|2188,1937;1875,1999;1870,2000;1861,2004;1853,2010;1847,2017;1842,2025;1839,2034;1838,2044;1839,2053;1853,2122;1854,2127;1858,2136;1863,2144;1870,2150;1879,2155;1888,2158;1897,2159;1907,2158;2220,2096;2225,2095;2234,2091;2242,2085;2248,2078;2253,2070;2256,2061;2257,2051;2256,2042;2242,1973;2241,1968;2237,1959;2232,1951;2225,1945;2216,1940;2207,1937;2198,1936
rotated-47|4147,3890;4136,3893;4126,3898;4117,3905;3903,4103;3897,4109;3891,4119;3886,4129;3884,4140;3883,4151;3884,4162;3888,4173;3893,4183;3900,4192;3973,4271;3979,4277;3989,4283;3999,4288;4010,4290;4021,4291;4032,4289;4043,4286;4053,4281;4062,4274;4276,4076;4282,4070;4288,4060;4293,4050;4295,4039;4296,4028;4295,4017;4291,4006;4286,3996;4279,3987;4206,3908;4200,3902;4190,3896;4180,3891;4169,3889;4158,3888
rotated-48|-4,-306;-85,-294;-99,-290;-108,-285;-117,-278;-123,-270;-129,-261;-132,-251;-133,-240;-133,-230;-60,258;-56,272;-51,281;-44,290;-36,296;-27,302;-17,305;-6,306;4,306;85,294;99,290;108,285;117,278;123,270;129,261;132,251;133,240;133,230;60,-258;56,-272;51,-281;44,-290;36,-296;27,-302;17,-305;6,-306
rotated-49|-19,-51;-25,-49;-30,-46;-34,-42;-37,-36;-37,-30;-32,41;-31,47;-28,52;-24,56;-18,59;-12,60;24,58;30,56;35,53;39,49;42,43;42,37;37,-34;36,-40;33,-45;29,-49;23,-52;17,-53
rotated-50|2026,1908;2016,1910;2007,1913;1999,1919;1928,1980;1924,1984;1918,1992;1914,2001;1912,2011;1912,2020;1914,2030;1917,2039;1923,2047;2029,2171;2033,2175;2041,2181;2050,2185;2060,2187;2069,2187;2079,2185;2088,2182;2096,2176;2167,2115;2171,2111;2177,2103;2181,2094;2183,2084;2183,2075;2181,2065;2178,2056;2172,2048;2066,1924;2062,1920;2054,1914;2045,1910;2035,1908
rotated-51|3975,3935;3967,3938;3960,3942;3954,3948;3922,3989;3919,3993;3916,4001;3915,4009;3915,4017;3918,4026;3922,4033;3928,4039;4175,4237;4179,4240;4187,4243;4196,4245;4204,4244;4212,4241;4219,4237;4225,4231;4257,4190;4260,4186;4263,4178;4264,4170;4264,4162;4261,4153;4257,4146;4251,4140;4004,3942;4000,3939;3992,3936;3983,3934
rotated-52|-94,-51;-101,-48;-106,-44;-110,-39;-112,-33;-117,-2;-116,7;-114,13;-110,18;-104,22;-98,24;87,51;94,51;101,48;106,44;110,39;112,33;117,2;116,-7;114,-13;110,-18;104,-22;98,-24;-87,-51
rotated-53|-21,-191;-32,-188;-42,-183;-51,-177;-58,-169;-64,-160;-69,-150;-145,86;-147,93;-148,104;-147,115;-144,126;-139,136;-133,145;-125,152;-116,159;-106,163;-3,196;4,198;15,199;26,198;37,195;47,190;56,184;63,176;69,167;74,157;150,-79;152,-86;153,-97;152,-108;149,-119;144,-129;138,-138;130,-145;121,-152;111,-156;8,-189;1,-191;-10,-192
rotated-54|2107,1990;1978,2092;1977,2093;1976,2096;1977,2099;1981,2104;1982,2105;1985,2106;1988,2105;2117,2003;2118,2002;2119,1999;2118,1996;2114,1991;2113,1990;2110,1989
rotated-55|4097,3809;4085,3810;4074,3814;4063,3820;4053,3827;4044,3836;4038,3846;4032,3857;3893,4227;3891,4233;3889,4245;3889,4258;3890,4270;3894,4281;3900,4292;3907,4302;3916,4310;3926,4317;3937,4323;4051,4366;4058,4368;4070,4370;4082,4370;4094,4369;4105,4365;4116,4359;4126,4352;4135,4343;4141,4333;4147,4322;4286,3952;4288,3946;4290,3934;4290,3921;4289,3909;4285,3898;4279,3887;4272,3877;4263,3869;4253,3862;4242,3856;4128,3813;4121,3811;4109,3809
rotated-56|45,-131;-100,-96;-112,-92;-120,-86;-128,-79;-134,-71;-139,-61;-141,-51;-142,-41;-140,-30;-111,91;-107,103;-101,111;-94,119;-86,125;-76,130;-66,132;-56,133;-45,131;100,96;112,92;120,86;128,79;134,71;139,61;141,51;142,41;140,30;111,-91;107,-103;101,-111;94,-119;86,-125;76,-130;66,-132;56,-133
rotated-57|-104,-83;-113,-80;-121,-75;-128,-68;-133,-61;-137,-52;-138,-43;-143,30;-143,42;-140,51;-135,59;-128,66;-121,71;-112,75;-103,76;97,90;109,90;118,87;126,82;133,75;138,68;142,59;143,50;148,-23;148,-35;145,-44;140,-52;133,-59;126,-64;117,-68;108,-69;-92,-83
rotated-58|2035,1836;2024,1839;1914,1886;1904,1892;1895,1899;1887,1907;1881,1917;1877,1928;1875,1939;1874,1950;1876,1962;1879,1973;1984,2221;1990,2231;1997,2240;2006,2248;2015,2254;2026,2258;2037,2260;2049,2261;2060,2259;2071,2256;2181,2209;2191,2203;2200,2196;2208,2188;2214,2178;2218,2167;2220,2156;2221,2145;2219,2133;2216,2122;2111,1874;2105,1864;2098,1855;2089,1847;2080,1841;2069,1837;2058,1835;2046,1834
rotated-59|4122,4031;4027,4065;4019,4070;4015,4075;4012,4081;4011,4088;4013,4095;4027,4134;4032,4142;4037,4146;4043,4149;4050,4150;4057,4148;4152,4114;4160,4109;4164,4104;4167,4098;4168,4091;4166,4084;4152,4045;4147,4037;4142,4033;4136,4030;4129,4029
rotated-60|81,-188;70,-187;59,-183;50,-178;-183,-24;-192,-17;-199,-9;-205,1;-210,12;-212,23;-212,34;-211,45;-207,56;-201,66;-138,160;-132,168;-124,175;-114,181;-104,186;-93,188;-81,188;-70,187;-59,183;-50,178;183,24;192,17;199,9;205,-1;210,-12;212,-23;212,-34;211,-45;207,-56;201,-66;138,-160;132,-168;124,-175;114,-181;104,-186;93,-188
rotated-61|207,-95;-225,11;-231,13;-237,17;-242,23;-245,30;-246,37;-245,45;-236,82;-234,88;-230,94;-224,99;-217,102;-210,103;-202,102;230,-4;236,-6;242,-10;247,-16;250,-23;251,-30;250,-38;241,-75;239,-81;235,-87;229,-92;222,-95;215,-96
rotated-62|1923,1979;1914,1981;1907,1985;1900,1991;1895,1998;1892,2006;1891,2015;1889,2072;1889,2079;1892,2087;1896,2095;1901,2101;1909,2106;1917,2109;1925,2110;2166,2116;2172,2116;2181,2114;2188,2110;2195,2104;2200,2097;2203,2089;2204,2080;2206,2023;2206,2016;2203,2008;2199,2000;2194,1994;2186,1989;2178,1986;2170,1985;1929,1979
rotated-63|4118,3942;4110,3945;4102,3950;4096,3957;3963,4131;3958,4140;3955,4149;3954,4158;3956,4167;3959,4175;3964,4183;3971,4189;4025,4230;4034,4235;4043,4238;4052,4239;4061,4237;4069,4234;4077,4229;4083,4222;4216,4048;4221,4039;4224,4030;4225,4021;4223,4012;4220,4004;4215,3996;4208,3990;4154,3949;4145,3944;4136,3941;4127,3940
rotated-64|-95,-156;-104,-153;-111,-149;-118,-142;-158,-95;-163,-88;-167,-79;-168,-70;-167,-61;-164,-53;-160,-45;-154,-38;60,147;69,152;77,156;86,157;95,156;104,153;111,149;118,142;158,95;163,88;167,79;168,70;167,61;164,53;160,45;154,38;-60,-147;-69,-152;-77,-156;-86,-157
rotated-65|30,-132;21,-130;12,-126;4,-120;-120,-11;-124,-7;-130,0;-133,9;-136,19;-136,28;-134,38;-130,47;-124,55;-65,123;-61,127;-53,133;-44,137;-35,139;-25,139;-16,137;-7,133;1,127;125,18;129,14;135,7;138,-2;141,-12;141,-21;139,-31;135,-40;129,-48;70,-116;66,-120;58,-126;49,-130;40,-132
rotated-66|2049,1999;2044,2001;2040,2005;2007,2061;2005,2068;2006,2073;2008,2078;2012,2082;2034,2095;2041,2097;2046,2096;2051,2094;2055,2090;2088,2034;2090,2027;2089,2022;2087,2017;2083,2013;2061,2000;2054,1998
rotated-67|4019,3930;4008,3933;3999,3939;3991,3946;3984,3954;3923,4045;3916,4059;3914,4070;3913,4080;3915,4091;3918,4101;3924,4110;3931,4119;3939,4125;4115,4241;4129,4248;4139,4250;4150,4251;4160,4249;4171,4246;4180,4240;4188,4233;4195,4225;4256,4134;4263,4120;4265,4109;4266,4099;4264,4088;4261,4078;4255,4069;4248,4060;4240,4054;4064,3938;4050,3931;4040,3929;4029,3928
rotated-68|-66,-92;-75,-89;-82,-84;-88,-78;-93,-70;-96,-62;-113,14;-114,23;-113,32;-110,40;-105,48;-99,54;-91,59;-83,62;48,92;57,93;66,92;75,89;82,84;88,78;93,70;96,62;113,-14;114,-23;113,-32;110,-40;105,-48;99,-54;91,-59;83,-62;-48,-92;-57,-93
rotated-69|12,-248;8,-246;5,-243;4,-239;-33,243;-33,246;-31,250;-28,253;-24,254;-10,255;-7,255;-3,253;0,250;1,246;38,-236;38,-239;36,-243;33,-246;29,-247;15,-248
rotated-70|1941,1958;1936,1961;1932,1965;1919,1987;1917,1992;1916,1998;1918,2004;1921,2009;1926,2013;2138,2136;2142,2138;2148,2139;2154,2137;2159,2134;2163,2130;2176,2108;2178,2103;2179,2097;2177,2091;2174,2086;2169,2082;1957,1959;1953,1957;1947,1956
rotated-71|3987,3947;3976,3950;3966,3954;3957,3960;3948,3967;3942,3976;3937,3986;3933,3997;3909,4114;3908,4122;3908,4133;3911,4144;3915,4154;3921,4163;3928,4172;3937,4178;3947,4183;3958,4187;4173,4231;4181,4232;4192,4232;4203,4229;4213,4225;4222,4219;4231,4212;4237,4203;4242,4193;4246,4182;4270,4065;4271,4057;4271,4046;4268,4035;4264,4025;4258,4016;4251,4007;4242,4001;4232,3996;4221,3992;4006,3948;3998,3947
rotated-72|38,-131;29,-128;21,-123;-124,-13;-134,-3;-138,5;-141,14;-142,24;-141,33;-138,42;-133,50;-84,114;-74,124;-66,128;-57,131;-47,132;-38,131;-29,128;-21,123;124,13;134,3;138,-5;141,-14;142,-24;141,-33;138,-42;133,-50;84,-114;74,-124;66,-128;57,-131;47,-132
rotated-73|92,-173;87,-170;83,-167;-118,148;-120,154;-120,160;-117,164;-113,168;-97,178;-92,180;-87,180;-82,177;-78,174;123,-141;125,-147;125,-153;122,-157;118,-161;102,-171;97,-173
rotated-74|2007,1914;1998,1918;1990,1923;1983,1930;1977,1938;1973,1947;1930,2091;1929,2098;1928,2108;1930,2118;1934,2127;1939,2135;1946,2142;1954,2148;1963,2152;2061,2181;2068,2182;2078,2183;2088,2181;2097,2177;2105,2172;2112,2165;2118,2157;2122,2148;2165,2004;2166,1997;2167,1987;2165,1977;2161,1968;2156,1960;2149,1953;2141,1947;2132,1943;2034,1914;2027,1913;2017,1912
rotated-75|4102,3901;4093,3904;4084,3908;4077,3914;4071,3921;4067,3929;3967,4193;3964,4205;3964,4215;3967,4224;3971,4232;3976,4239;3984,4245;3992,4250;4055,4275;4068,4278;4077,4278;4086,4275;4095,4271;4102,4265;4108,4258;4112,4250;4212,3986;4215,3974;4215,3964;4212,3955;4208,3947;4203,3940;4195,3934;4187,3929;4124,3904;4111,3901
rotated-76|145,-149;134,-147;-191,-55;-205,-49;-214,-42;-221,-35;-227,-25;-231,-15;-233,-5;-233,6;-231,17;-206,107;-204,112;-200,121;-193,130;-185,137;-176,143;-166,147;-156,149;-145,149;-134,147;191,55;205,49;214,42;221,35;227,25;231,15;233,5;233,-6;231,-17;206,-107;204,-112;200,-121;193,-130;185,-137;176,-143;166,-147;156,-149
rotated-77|27,-166;16,-164;-89,-138;-103,-133;-111,-127;-119,-119;-125,-111;-129,-101;-132,-90;-132,-80;-130,-69;-80,130;-75,143;-69,152;-61,160;-53,166;-43,170;-33,173;-22,173;-11,171;94,145;108,140;116,134;124,126;130,118;134,108;137,97;137,87;135,76;85,-123;80,-136;74,-145;66,-153;58,-159;48,-163;38,-166
rotated-78|1963,1886;1954,1887;1946,1891;1940,1896;1901,1934;1897,1938;1893,1946;1890,1954;1890,1962;1891,1971;1895,1978;1900,1985;2104,2198;2108,2202;2116,2207;2124,2209;2132,2209;2141,2208;2149,2204;2155,2199;2194,2161;2198,2157;2202,2149;2205,2141;2205,2133;2204,2124;2200,2117;2195,2110;1991,1897;1987,1893;1979,1888;1971,1886
rotated-79|4241,4029;3931,4127;3928,4129;3926,4133;3926,4136;3929,4145;3931,4148;3934,4150;3938,4150;4248,4052;4251,4050;4253,4046;4253,4043;4250,4034;4248,4031;4245,4029
rotated-80|45,-77;-80,-41;-90,-36;-96,-31;-101,-24;-103,-17;-104,-8;-102,0;-85,56;-81,65;-75,71;-69,75;-61,78;-53,79;-45,77;80,41;90,36;96,31;101,24;103,17;104,8;102,0;85,-56;81,-65;75,-71;69,-75;61,-78;53,-79
rotated-81|78,-203;68,-201;59,-197;50,-192;43,-185;-175,80;-180,87;-184,97;-186,106;-186,116;-184,126;-180,135;-175,144;-168,151;-109,199;-102,204;-93,208;-83,210;-73,210;-63,208;-54,204;-45,199;-38,192;180,-73;185,-80;189,-90;191,-99;191,-109;189,-119;185,-128;180,-137;173,-144;114,-192;107,-197;98,-201;88,-203
rotated-82|2123,1907;2113,1909;1915,1971;1901,1978;1892,1984;1885,1992;1880,2001;1876,2011;1875,2022;1875,2033;1877,2043;1910,2148;1917,2162;1923,2170;1931,2178;1940,2183;1950,2187;1961,2188;1972,2188;1982,2186;2180,2124;2194,2117;2203,2111;2210,2103;2215,2094;2219,2084;2220,2073;2220,2062;2218,2052;2185,1947;2178,1933;2172,1925;2164,1917;2155,1912;2145,1908;2134,1907
rotated-83|4120,3841;4111,3843;4103,3848;4096,3854;4090,3861;4086,3870;3947,4257;3944,4270;3945,4280;3947,4289;3952,4297;3958,4304;3965,4310;3974,4314;4036,4336;4049,4339;4059,4338;4068,4336;4076,4331;4083,4325;4089,4318;4093,4309;4232,3922;4235,3909;4234,3899;4232,3890;4227,3882;4221,3875;4214,3869;4205,3865;4143,3843;4130,3840
rotated-84|165,-100;-172,91;-173,94;-172,96;-168,100;-165,100;172,-91;173,-94;172,-96;168,-100
rotated-85|-18,-260;-28,-257;-38,-253;-48,-247;-55,-239;-62,-230;-66,-220;-69,-210;-134,181;-135,187;-135,198;-132,209;-128,219;-122,228;-115,236;-106,242;-96,247;-86,250;4,266;12,267;23,267;33,264;43,260;53,254;60,246;67,237;71,227;74,217;139,-174;140,-180;140,-191;137,-202;133,-212;127,-221;120,-229;111,-235;101,-240;91,-243;1,-259;-7,-260
rotated-86|1929,1825;1923,1828;1897,1845;1891,1851;1888,1857;1887,1864;1888,1870;1891,1877;2140,2261;2146,2267;2152,2270;2159,2271;2166,2270;2172,2267;2198,2250;2204,2244;2207,2238;2208,2231;2207,2225;2204,2218;1955,1834;1949,1828;1943,1825;1936,1824
rotated-87|4103,4065;4065,4077;4060,4081;4058,4085;4058,4090;4063,4107;4064,4109;4067,4112;4072,4114;4076,4114;4114,4102;4119,4098;4121,4094;4121,4089;4116,4072;4115,4070;4112,4067;4107,4065
rotated-88|-166,-172;-176,-169;-186,-164;-194,-158;-201,-150;-206,-141;-241,-65;-245,-53;-246,-42;-245,-32;-242,-22;-237,-12;-231,-4;-223,3;-214,8;133,168;145,172;156,173;166,172;176,169;186,164;194,158;201,150;206,141;241,65;245,53;246,42;245,32;242,22;237,12;231,4;223,-3;214,-8;-133,-168;-145,-172;-156,-173
rotated-89|165,-38;-164,15;-170,18;-172,21;-172,26;-170,38;-168,43;-164,45;-160,45;169,-8;175,-11;177,-14;177,-19;175,-31;173,-36;169,-38
rotated-90|1990,2042;1987,2043;1985,2045;1984,2049;1985,2057;1986,2059;1988,2061;1991,2062;2105,2053;2108,2052;2110,2050;2111,2046;2110,2038;2109,2036;2107,2034;2104,2033
rotated-91|4047,3941;4037,3943;4028,3947;4019,3953;4012,3960;3947,4038;3941,4047;3937,4056;3935,4066;3935,4076;3937,4086;3941,4096;3947,4104;3954,4111;4094,4226;4102,4232;4112,4236;4122,4238;4132,4238;4142,4236;4151,4232;4160,4226;4167,4219;4232,4141;4238,4132;4242,4123;4244,4113;4244,4103;4242,4093;4238,4083;4232,4075;4225,4068;4085,3953;4077,3947;4067,3943;4057,3941
rotated-92|143,-202;137,-200;132,-196;-182,149;-186,154;-187,160;-187,167;-185,173;-181,178;-161,197;-155,201;-149,202;-143,202;-137,200;-132,196;182,-149;186,-154;187,-160;187,-167;185,-173;181,-178;161,-197;155,-201;149,-202
rotated-93|9,-35;7,-32;-20,31;-21,33;-20,36;-18,38;-10,42;-7,43;-4,42;-2,39;25,-24;26,-26;25,-29;23,-31;15,-35;12,-36
rotated-94|2016,1931;2008,1934;2002,1939;1997,1946;1994,1953;1992,1961;1982,2127;1983,2138;1987,2146;1991,2152;1998,2157;2005,2160;2013,2162;2068,2165;2079,2164;2087,2161;2093,2156;2098,2149;2101,2142;2103,2134;2113,1968;2112,1957;2108,1949;2104,1943;2097,1938;2090,1935;2082,1933;2027,1930
rotated-95|3897,3827;3885,3831;3873,3836;3863,3843;3854,3851;3846,3861;3781,3961;3777,3969;3772,3981;3770,3993;3769,4005;3770,4018;3774,4030;3779,4041;3786,4051;3794,4060;3804,4068;4226,4341;4234,4345;4246,4350;4258,4352;4270,4353;4282,4352;4294,4348;4306,4343;4316,4336;4325,4328;4333,4318;4398,4218;4402,4210;4407,4198;4409,4186;4410,4174;4409,4161;4405,4149;4400,4138;4393,4128;4385,4119;4375,4111;3953,3838;3945,3834;3933,3829;3921,3827;3909,3826
rotated-96|12,-144;3,-142;-7,-137;-15,-131;-129,-27;-135,-20;-140,-11;-144,-2;-145,8;-145,18;-143,28;-138,37;-132,46;-58,128;-51,134;-42,140;-33,143;-23,144;-12,144;-3,142;7,137;15,131;129,27;135,20;140,11;144,2;145,-8;145,-18;143,-28;138,-37;132,-46;58,-128;51,-134;42,-140;33,-143;23,-144
rotated-97|-6,-20;-14,-15;-16,-14;-17,-10;-16,-7;3,25;5,27;8,28;11,27;19,22;21,21;22,17;21,14;2,-18;0,-20;-3,-21
rotated-98|2110,1945;1963,1962;1957,1963;1948,1966;1939,1971;1932,1978;1927,1986;1923,1995;1921,2004;1922,2014;1934,2110;1935,2115;1938,2124;1943,2132;1949,2139;1957,2145;1966,2149;1976,2151;1985,2150;2132,2133;2138,2132;2147,2129;2156,2124;2163,2117;2168,2109;2172,2100;2174,2091;2173,2081;2161,1985;2160,1980;2157,1971;2152,1963;2146,1956;2138,1950;2129,1946;2119,1944
rotated-99|4056,3868;4047,3870;3987,3890;3976,3896;3969,3902;3964,3909;3960,3918;3958,3927;3958,3936;3960,3945;4077,4282;4082,4292;4088,4299;4096,4305;4104,4309;4113,4311;4123,4311;4132,4309;4192,4289;4203,4283;4210,4277;4215,4270;4219,4261;4221,4252;4221,4243;4219,4234;4102,3897;4097,3887;4091,3880;4083,3874;4075,3870;4066,3868
rotated-100|-56,-92;-66,-90;-75,-86;-82,-81;-88,-74;-93,-66;-95,-57;-96,-48;-91,56;-89,66;-85,74;-80,82;-73,88;-65,92;-56,95;-47,96;56,92;66,90;75,86;82,81;88,74;93,66;95,57;96,48;91,-56;89,-66;85,-74;80,-82;73,-88;65,-92;56,-95;47,-96
rotated-101|-38,-90;-45,-89;-53,-86;-60,-82;-66,-75;-70,-68;-73,-60;-74,-51;-69,65;-68,71;-65,79;-61,86;-54,92;-47,96;-39,99;-31,100;43,97;50,96;58,93;65,89;71,82;75,75;78,67;79,58;74,-58;73,-64;70,-72;66,-79;59,-85;52,-89;44,-92;36,-93
rotated-102|2031,1966;2024,1969;2018,1973;2013,1978;2009,1985;1979,2073;1978,2079;1978,2086;1980,2094;1984,2100;1990,2105;1997,2108;2050,2127;2056,2129;2064,2129;2071,2126;2077,2122;2082,2117;2086,2110;2116,2022;2117,2016;2117,2009;2115,2001;2111,1995;2105,1990;2098,1987;2045,1968;2039,1966
rotated-103|3871,3978;3861,3979;3852,3983;3843,3988;3836,3994;3830,4002;3826,4011;3823,4021;3814,4091;3814,4099;3815,4108;3819,4118;3824,4126;3830,4133;3838,4139;3847,4143;3857,4146;4301,4201;4308,4201;4318,4200;4327,4196;4336,4191;4343,4185;4349,4177;4353,4168;4356,4158;4365,4088;4365,4080;4364,4071;4360,4061;4355,4053;4349,4046;4341,4040;4332,4036;4322,4033;3878,3978
rotated-104|-103,-100;-112,-98;-121,-94;-130,-89;-137,-82;-142,-74;-146,-65;-148,-55;-155,31;-155,39;-153,48;-149,58;-144,66;-137,73;-129,78;-120,82;-110,84;95,100;103,100;112,98;121,94;130,89;137,82;142,74;146,65;148,55;155,-31;155,-39;153,-48;149,-58;144,-66;137,-73;129,-78;120,-82;110,-84;-95,-100
rotated-105|-221,-119;-232,-117;-243,-113;-253,-107;-261,-99;-268,-90;-273,-80;-277,-69;-278,-58;-282,41;-282,52;-279,63;-275,74;-269,83;-261,92;-252,99;-242,104;-231,107;-220,109;215,127;226,126;237,124;248,120;258,114;266,106;273,97;278,87;282,76;283,65;287,-34;287,-45;284,-56;280,-67;274,-76;266,-85;257,-92;247,-97;236,-100;225,-102;-210,-120
rotated-106|2112,1921;2102,1923;1934,1973;1925,1977;1916,1983;1909,1990;1903,1998;1900,2007;1897,2017;1897,2028;1899,2038;1928,2137;1932,2146;1938,2155;1945,2162;1953,2168;1963,2172;1973,2174;1983,2174;1993,2172;2161,2122;2170,2118;2179,2112;2186,2105;2192,2097;2195,2088;2198,2078;2198,2067;2196,2057;2167,1958;2163,1949;2157,1940;2150,1933;2142,1927;2132,1923;2122,1921
rotated-107|4018,3834;4006,3836;3995,3840;3986,3846;3899,3906;3889,3913;3882,3922;3876,3932;3872,3943;3870,3954;3870,3965;3872,3977;3876,3988;3882,3997;4102,4316;4109,4326;4118,4333;4128,4339;4139,4343;4150,4345;4161,4345;4173,4343;4184,4339;4193,4333;4280,4273;4290,4266;4297,4257;4303,4247;4307,4236;4309,4225;4309,4214;4307,4202;4303,4191;4297,4182;4077,3863;4070,3853;4061,3846;4051,3840;4040,3836;4029,3834
rotated-108|-132,-121;-142,-117;-151,-112;-159,-104;-165,-96;-170,-86;-172,-76;-187,21;-188,36;-185,47;-181,56;-175,65;-168,73;-159,79;-150,84;-139,86;108,123;122,124;132,121;142,117;151,112;159,104;165,96;170,86;172,76;187,-21;188,-36;185,-47;181,-56;175,-65;168,-73;159,-79;150,-84;139,-86;-108,-123;-122,-124
rotated-109|-148,-170;-158,-168;-167,-164;-176,-158;-183,-151;-189,-142;-227,-69;-231,-58;-233,-47;-232,-37;-230,-27;-226,-17;-220,-9;-212,-2;-204,4;121,172;132,176;142,178;153,177;163,175;172,171;181,165;188,158;194,149;232,76;236,65;238,54;237,44;235,34;231,24;225,16;217,9;209,3;-116,-165;-127,-169;-137,-171
rotated-110|2232,1943;1836,2025;1829,2027;1822,2031;1815,2037;1810,2044;1807,2052;1806,2061;1807,2070;1818,2123;1820,2130;1824,2137;1830,2144;1837,2149;1845,2152;1854,2153;1863,2152;2259,2070;2266,2068;2273,2064;2280,2058;2285,2051;2288,2043;2289,2034;2288,2025;2277,1972;2275,1965;2271,1958;2265,1951;2258,1946;2250,1943;2241,1942
rotated-111|4032,3974;4026,3976;4020,3980;3992,4004;3989,4007;3985,4013;3983,4020;3983,4027;3985,4033;3989,4039;4124,4196;4127,4199;4133,4203;4140,4205;4147,4205;4153,4203;4159,4199;4187,4175;4190,4172;4194,4166;4196,4159;4196,4152;4194,4146;4190,4140;4055,3983;4052,3980;4046,3976;4039,3974
rotated-112|98,-302;87,-300;76,-296;65,-290;56,-282;48,-273;-248,125;-256,139;-260,150;-262,162;-262,173;-260,185;-256,196;-250,207;-242,216;-233,224;-147,288;-133,296;-122,300;-110,302;-98,302;-87,300;-76,296;-65,290;-56,282;-48,273;248,-125;256,-139;260,-150;262,-162;262,-173;260,-185;256,-196;250,-207;242,-216;233,-224;147,-288;133,-296;122,-300;110,-302
rotated-113|-8,-124;-17,-121;-25,-117;-33,-110;-112,-30;-115,-27;-120,-18;-124,-9;-125,0;-125,10;-122,19;-118,27;-111,35;-27,118;-15,127;-6,130;3,131;13,130;22,128;31,123;38,117;117,36;126,24;129,15;130,6;129,-4;127,-13;122,-22;116,-29;32,-111;29,-114;20,-119;11,-123;2,-124
rotated-114|2058,1974;2005,1987;2000,1989;1994,1993;1989,1998;1986,2005;1984,2012;1985,2019;2005,2101;2007,2106;2011,2112;2016,2117;2023,2120;2030,2122;2037,2121;2090,2108;2095,2106;2101,2102;2106,2097;2109,2090;2111,2083;2110,2076;2090,1994;2088,1989;2084,1983;2079,1978;2072,1975;2065,1973
rotated-115|4291,3889;4278,3892;3826,4014;3816,4017;3805,4023;3795,4031;3786,4040;3779,4050;3773,4061;3770,4073;3768,4086;3768,4098;3771,4111;3804,4232;3807,4242;3813,4253;3821,4263;3830,4272;3840,4279;3851,4285;3863,4288;3876,4290;3888,4290;3901,4287;4353,4165;4363,4162;4374,4156;4384,4148;4393,4139;4400,4129;4406,4118;4409,4106;4411,4093;4411,4081;4408,4068;4375,3947;4372,3937;4366,3926;4358,3916;4349,3907;4339,3900;4328,3894;4316,3891;4303,3889
rotated-116|-139,-218;-151,-215;-161,-211;-171,-205;-180,-197;-187,-188;-246,-99;-252,-88;-255,-77;-257,-65;-257,-54;-254,-43;-250,-32;-244,-22;-236,-13;-227,-6;94,207;105,213;116,216;128,218;139,218;151,215;161,211;171,205;180,197;187,188;246,99;252,88;255,77;257,65;257,54;254,43;250,32;244,22;236,13;227,6;-94,-207;-105,-213;-116,-216;-128,-218
rotated-117|-4,-109;-11,-108;-50,-95;-54,-93;-60,-89;-65,-83;-67,-76;-68,-69;-67,-62;-17,98;-15,103;-11,109;-5,113;2,116;9,116;16,115;55,102;59,100;65,96;70,90;72,83;73,76;72,69;22,-91;20,-96;16,-102;10,-106;3,-109
rotated-118|2023,1939;2015,1943;2008,1948;2002,1955;1945,2034;1940,2042;1938,2050;1937,2059;1939,2068;1942,2076;1947,2084;1954,2090;2038,2150;2046,2154;2054,2156;2063,2157;2072,2156;2080,2152;2087,2147;2093,2140;2150,2061;2155,2053;2157,2045;2158,2036;2156,2027;2153,2019;2148,2011;2141,2005;2057,1945;2049,1941;2041,1939;2032,1938
rotated-119|4092,3978;4085,3980;4079,3984;4074,3990;4071,3996;4018,4151;4016,4157;4016,4164;4018,4171;4022,4177;4028,4182;4034,4185;4074,4199;4080,4201;4087,4201;4094,4199;4100,4195;4105,4189;4108,4183;4161,4028;4163,4022;4163,4015;4161,4008;4157,4002;4151,3997;4145,3994;4105,3980;4099,3978
rotated-120|-31,-226;-39,-223;-47,-218;-54,-212;-59,-204;-62,-196;-64,-187;-80,181;-79,192;-76,201;-71,209;-65,215;-57,220;-48,223;-39,225;21,227;31,226;39,223;47,218;54,212;59,204;62,196;64,187;80,-181;79,-192;76,-201;71,-209;65,-215;57,-220;48,-223;39,-225;-21,-227
rotated-121|-67,-158;-74,-157;-80,-154;-109,-134;-112,-132;-117,-126;-120,-120;-120,-112;-119,-105;-116,-99;50,154;53,158;58,162;65,165;72,165;79,164;85,161;114,141;117,139;122,133;125,127;125,119;124,112;121,106;-45,-147;-48,-151;-53,-155;-60,-158
rotated-122|2012,1863;2002,1867;1929,1904;1923,1908;1915,1914;1909,1922;1905,1931;1903,1941;1902,1951;1904,1961;1907,1970;2025,2206;2030,2214;2037,2221;2045,2227;2054,2231;2063,2233;2073,2234;2083,2232;2093,2228;2166,2191;2172,2187;2180,2181;2186,2173;2190,2164;2192,2154;2193,2144;2191,2134;2188,2125;2070,1889;2065,1881;2058,1874;2050,1868;2041,1864;2032,1862;2022,1861
rotated-123|3987,3827;3976,3828;3966,3832;3957,3837;3889,3886;3878,3896;3873,3905;3868,3915;3866,3925;3866,3936;3868,3946;3871,3956;3877,3965;4144,4329;4153,4339;4162,4345;4171,4349;4182,4352;4192,4352;4203,4351;4213,4347;4222,4342;4290,4293;4301,4283;4306,4274;4311,4264;4313,4254;4313,4243;4311,4233;4308,4223;4302,4214;4035,3850;4026,3840;4017,3834;4008,3830;3997,3827
rotated-124|63,-242;57,-239;52,-234;48,-228;-128,194;-129,198;-130,205;-129,212;-125,219;-121,224;-114,228;-82,242;-77,243;-70,244;-63,242;-57,239;-52,234;-48,228;128,-194;129,-198;130,-205;129,-212;125,-219;121,-224;114,-228;82,-242;77,-243;70,-244
rotated-125|52,-22;-53,9;-55,10;-57,13;-57,16;-55,24;-54,27;-51,29;-47,29;58,-2;60,-3;62,-6;62,-9;60,-17;59,-20;56,-22
rotated-126|1926,1930;1917,1933;1909,1938;1902,1944;1896,1952;1892,1960;1870,2028;1868,2042;1869,2051;1872,2060;1877,2068;1883,2075;1891,2081;1899,2085;2146,2164;2159,2166;2169,2165;2178,2162;2186,2157;2193,2151;2199,2143;2203,2135;2225,2067;2227,2053;2226,2044;2223,2035;2218,2027;2212,2020;2204,2014;2196,2010;1949,1931;1936,1929
rotated-127|4121,3805;4110,3807;4099,3811;4090,3817;4081,3825;4075,3834;4069,3844;3902,4250;3899,4259;3898,4270;3898,4281;3900,4292;3904,4303;3910,4312;3918,4321;3927,4328;3937,4333;4027,4370;4036,4373;4047,4374;4058,4374;4069,4372;4080,4368;4089,4362;4098,4354;4104,4345;4110,4335;4277,3929;4280,3920;4281,3909;4281,3898;4279,3887;4275,3876;4269,3867;4261,3858;4252,3851;4242,3846;4152,3809;4143,3806;4132,3805
rotated-128|174,-173;166,-171;159,-168;-220,67;-224,70;-230,76;-234,83;-237,91;-237,99;-235,108;-232,115;-207,156;-204,160;-198,166;-191,170;-183,173;-174,173;-166,171;-159,168;220,-67;224,-70;230,-76;234,-83;237,-91;237,-99;235,-108;232,-115;207,-156;204,-160;198,-166;191,-170;183,-173
rotated-129|195,-205;183,-203;172,-200;-262,-14;-274,-7;-283,0;-290,9;-296,19;-300,30;-303,42;-303,53;-301,65;-298,76;-257,171;-250,183;-243,192;-234,199;-224,205;-213,209;-201,212;-190,212;-178,210;-167,207;267,21;279,14;288,7;295,-2;301,-12;305,-23;308,-35;308,-46;306,-58;303,-69;262,-164;255,-176;248,-185;239,-192;229,-198;218,-202;206,-205
rotated-130|1960,1977;1952,1980;1945,1984;1940,1990;1936,1997;1934,2005;1927,2058;1927,2068;1930,2076;1934,2083;1940,2088;1947,2092;1954,2094;2124,2118;2135,2118;2143,2115;2150,2111;2155,2105;2159,2098;2161,2090;2168,2037;2168,2027;2165,2019;2161,2012;2155,2007;2148,2003;2141,2001;1971,1977
rotated-131|3927,3981;3917,3982;3908,3984;3900,3989;3892,3995;3886,4003;3882,4011;3879,4021;3868,4092;3868,4098;3869,4108;3871,4117;3876,4125;3882,4133;3890,4139;3898,4143;3908,4146;4246,4198;4252,4198;4262,4197;4271,4195;4279,4190;4287,4184;4293,4176;4297,4168;4300,4158;4311,4087;4311,4081;4310,4071;4308,4062;4303,4054;4297,4046;4289,4040;4281,4036;4271,4033;3933,3981
rotated-132|-53,-276;-65,-273;-76,-269;-178,-216;-192,-206;-201,-197;-207,-187;-212,-177;-216,-165;-217,-153;-216,-141;-213,-130;-208,-119;-20,238;-11,252;-3,260;7,267;18,272;30,275;41,277;53,276;65,273;76,269;178,216;192,206;201,197;207,187;212,177;216,165;217,153;216,141;213,130;208,119;20,-238;11,-252;3,-260;-7,-267;-18,-272;-30,-275;-41,-277
rotated-133|72,-81;66,-79;-98,32;-101,36;-105,41;-106,47;-105,53;-103,59;-88,81;-84,84;-79,88;-73,89;-67,88;-61,86;103,-25;106,-29;110,-34;111,-40;110,-46;108,-52;93,-74;89,-77;84,-81;78,-82
rotated-134|1862,1924;1853,1927;1844,1931;1836,1937;1830,1945;1825,1953;1822,1963;1807,2035;1806,2043;1806,2053;1809,2062;1813,2071;1819,2079;1827,2085;1835,2090;1845,2093;2215,2170;2223,2171;2233,2171;2242,2168;2251,2164;2259,2158;2265,2150;2270,2142;2273,2132;2288,2060;2289,2052;2289,2042;2286,2033;2282,2024;2276,2016;2268,2010;2260,2005;2250,2002;1880,1925;1872,1924
rotated-135|4103,3973;4095,3974;4087,3978;4081,3983;4077,3990;3999,4134;3995,4144;3995,4152;3997,4160;4000,4167;4005,4173;4012,4177;4059,4202;4068,4206;4076,4206;4084,4205;4092,4201;4098,4196;4102,4189;4180,4045;4184,4035;4184,4027;4182,4019;4179,4012;4174,4006;4167,4002;4120,3977;4111,3973
rotated-136|166,-224;155,-221;144,-216;-260,8;-270,15;-279,24;-285,33;-290,44;-293,55;-294,66;-293,78;-291,89;-286,100;-236,190;-229,200;-220,209;-211,215;-200,220;-189,223;-178,224;-166,224;-155,221;-144,216;260,-8;270,-15;279,-24;285,-33;290,-44;293,-55;294,-66;293,-78;291,-89;286,-100;236,-190;229,-200;220,-209;211,-215;200,-220;189,-223;178,-224
rotated-137|106,-176;97,-173;90,-168;-179,65;-187,73;-191,82;-193,90;-194,99;-192,108;-189,117;-184,124;-144,170;-136,178;-128,182;-119,184;-110,185;-101,183;-92,180;-85,175;184,-58;192,-66;196,-75;198,-83;199,-92;197,-101;194,-110;189,-117;149,-163;141,-171;133,-175;124,-177;115,-178
rotated-138|2026,1957;2019,1960;2012,1965;2007,1971;2004,1978;1971,2077;1969,2087;1970,2095;1973,2102;1978,2109;1984,2114;1991,2117;2051,2137;2061,2139;2069,2138;2076,2135;2083,2130;2088,2124;2091,2117;2124,2018;2126,2008;2125,2000;2122,1993;2117,1986;2111,1981;2104,1978;2044,1958;2034,1956
rotated-139|4072,4035;4067,4036;4062,4040;4040,4062;4038,4065;4035,4070;4035,4076;4036,4081;4040,4086;4093,4139;4096,4141;4101,4144;4107,4144;4112,4143;4117,4139;4139,4117;4141,4114;4144,4109;4144,4103;4143,4098;4139,4093;4086,4040;4083,4038;4078,4035
rotated-140|0,-63;-6,-62;-40,-48;-45,-44;-49,-40;-52,-34;-52,-27;-51,-21;-21,51;-17,56;-13,60;-7,63;0,63;6,62;40,48;45,44;49,40;52,34;52,27;51,21;21,-51;17,-56;13,-60;7,-63
rotated-141|232,-71;-237,-30;-247,-27;-254,-23;-259,-18;-263,-11;-266,-3;-266,5;-262,49;-259,59;-255,66;-250,71;-243,75;-235,78;-227,78;242,36;252,33;259,29;264,24;268,17;271,9;271,1;267,-42;264,-52;260,-59;255,-64;248,-68;240,-71
rotated-142|1950,1989;1946,1991;1943,1995;1937,2009;1936,2013;1937,2018;1940,2022;1943,2025;2136,2106;2140,2107;2145,2106;2149,2104;2152,2100;2158,2086;2159,2082;2158,2077;2155,2073;2152,2070;1959,1989;1955,1988
rotated-143|4119,4043;4049,4126;4048,4130;4049,4132;4054,4136;4058,4137;4060,4136;4130,4053;4131,4049;4130,4047;4125,4043;4121,4042
rotated-144|44,-232;34,-228;25,-223;18,-216;12,-207;-175,112;-180,123;-183,133;-183,143;-181,154;-177,163;-171,172;-164,180;-156,186;-85,227;-74,231;-64,233;-54,234;-44,232;-34,228;-25,223;-18,216;-12,207;175,-112;180,-123;183,-133;183,-143;181,-154;177,-163;171,-172;164,-180;156,-186;85,-227;74,-231;64,-233;54,-234
rotated-145|-22,-127;-29,-124;-36,-120;-41,-114;-44,-107;-46,-99;-58,99;-57,108;-54,115;-50,122;-44,127;-37,130;-29,132;18,135;27,134;34,131;41,127;46,121;49,114;51,106;63,-92;62,-101;59,-108;55,-115;49,-120;42,-123;34,-125;-13,-128
rotated-146|2047,1995;2026,2000;2021,2002;2018,2006;2016,2011;2016,2016;2032,2090;2034,2095;2038,2098;2043,2100;2048,2100;2069,2095;2074,2093;2077,2089;2079,2084;2079,2079;2063,2005;2061,2000;2057,1997;2052,1995
rotated-147|4001,3948;3991,3949;3981,3952;3972,3957;3964,3964;3958,3972;3953,3981;3916,4071;3912,4083;3912,4094;3913,4104;3916,4114;3921,4123;3928,4131;3936,4138;3946,4142;4156,4227;4167,4231;4178,4231;4188,4230;4198,4227;4207,4222;4215,4215;4221,4207;4226,4198;4263,4108;4267,4096;4267,4085;4266,4075;4263,4065;4258,4056;4251,4048;4243,4041;4233,4037;4023,3952;4012,3948
rotated-148|-27,-121;-36,-119;-44,-115;-51,-109;-109,-51;-116,-43;-120,-35;-122,-26;-121,-17;-119,-8;-115,0;-109,7;-7,109;1,116;9,120;18,122;27,121;36,119;44,115;51,109;109,51;116,43;120,35;122,26;121,17;119,8;115,0;109,-7;7,-109;-1,-116;-9,-120;-18,-122
rotated-149|0,-12;-7,-9;-10,-5;-10,-2;-3,16;1,19;4,19;12,16;13,15;15,12;15,9;7,-9;3,-12
rotated-150|2154,1974;1921,2074;1915,2078;1913,2083;1912,2089;1913,2094;1921,2113;1925,2119;1930,2121;1936,2122;1941,2121;2174,2021;2180,2017;2182,2012;2183,2006;2182,2001;2174,1982;2170,1976;2165,1974;2159,1973
rotated-151|4258,4038;3914,4087;3906,4090;3902,4094;3900,4100;3900,4105;3903,4127;3903,4130;3906,4135;3910,4139;3916,4141;3921,4141;4265,4092;4273,4089;4277,4085;4279,4079;4279,4074;4276,4052;4276,4049;4273,4044;4269,4040;4263,4038
rotated-152|67,-293;57,-290;48,-286;40,-280;33,-273;28,-264;-182,194;-184,200;-186,210;-186,220;-184,230;-179,239;-174,247;-158,259;-94,289;-86,291;-76,293;-67,293;-57,290;-48,286;-40,280;-33,273;-28,264;182,-194;184,-200;186,-210;186,-220;184,-230;179,-239;174,-247;158,-259;94,-289;86,-291;76,-293
rotated-153|-125,-246;-135,-242;-143,-237;-196,-196;-200,-192;-206,-185;-211,-176;-213,-167;-214,-157;-213,-147;-209,-138;-204,-130;82,236;86,240;93,246;102,251;111,253;121,254;130,253;140,249;148,244;201,203;205,199;211,192;216,183;218,174;219,164;218,154;214,145;209,137;-77,-229;-81,-233;-88,-239;-97,-244;-106,-246;-116,-247
rotated-154|2034,1987;2016,1994;2012,1997;2009,2001;2008,2006;2009,2011;2044,2101;2047,2105;2051,2108;2056,2109;2061,2108;2079,2101;2083,2098;2086,2094;2087,2089;2086,2084;2051,1994;2048,1990;2044,1987;2039,1986
rotated-155|4095,4025;4089,4028;4030,4075;4024,4083;4022,4089;4021,4096;4023,4103;4026,4109;4056,4147;4064,4153;4070,4155;4077,4156;4084,4154;4090,4151;4149,4104;4155,4096;4157,4090;4158,4083;4156,4076;4153,4070;4123,4032;4115,4026;4109,4024;4102,4023
rotated-156|95,-131;92,-129;-108,116;-109,118;-109,122;-107,125;-101,130;-99,131;-95,131;-92,129;108,-116;109,-118;109,-122;107,-125;101,-130;99,-131
rotated-157|-99,-109;-108,-106;-117,-101;-124,-95;-129,-87;-133,-79;-156,-9;-158,4;-157,14;-155,23;-150,31;-144,38;-136,43;-127,47;83,114;95,116;105,115;114,113;122,108;129,102;134,94;138,86;161,15;163,1;162,-8;160,-17;155,-25;149,-32;141,-38;132,-41;-78,-107;-90,-109
rotated-158|2039,2020;2033,2023;2030,2026;2031,2029;2050,2073;2053,2076;2056,2075;2062,2072;2065,2069;2064,2066;2045,2022;2042,2019
rotated-159|4201,3952;4193,3954;4185,3957;3928,4119;3924,4123;3919,4129;3915,4136;3912,4144;3912,4152;3914,4161;3918,4168;3946,4211;3954,4220;3962,4224;3970,4227;3978,4227;3986,4225;3994,4222;4251,4060;4255,4056;4260,4050;4264,4043;4267,4035;4267,4027;4265,4018;4261,4011;4233,3968;4225,3959;4217,3955;4209,3952
rotated-160|-154,-111;-162,-109;-170,-104;-177,-98;-182,-91;-185,-83;-201,-27;-203,-18;-202,-9;-200,-1;-195,7;-189,14;-182,19;-174,22;136,110;145,112;154,111;162,109;170,104;177,98;182,91;185,83;201,27;203,18;202,9;200,1;195,-7;189,-14;182,-19;174,-22;-136,-110;-145,-112
rotated-161|16,-18;-22,-4;-26,-1;-27,3;-27,7;-22,20;-19,24;-15,25;-11,25;27,10;31,7;32,3;32,-1;27,-13;24,-17;20,-18
rotated-162|2037,1987;2015,1995;2009,1999;2007,2004;2006,2009;2007,2014;2040,2099;2043,2104;2047,2107;2053,2108;2058,2108;2080,2100;2086,2096;2088,2091;2089,2086;2088,2081;2055,1996;2052,1991;2048,1988;2042,1987
rotated-163|4152,3887;4143,3891;4135,3897;4128,3904;3917,4169;3913,4175;3909,4184;3907,4194;3906,4203;3908,4213;3912,4222;3918,4230;3925,4237;3983,4283;3989,4287;3998,4291;4007,4293;4017,4294;4027,4292;4036,4288;4044,4282;4051,4275;4262,4010;4266,4004;4270,3995;4272,3985;4273,3976;4271,3966;4267,3957;4261,3949;4254,3942;4196,3896;4190,3892;4181,3888;4172,3886;4162,3885
rotated-164|-17,-127;-20,-126;-24,-123;-27,-119;-28,-114;-12,117;-11,120;-8,124;-4,127;1,128;17,127;20,126;24,123;27,119;28,114;12,-117;11,-120;8,-124;4,-127;-1,-128
rotated-165|33,-296;-87,-284;-107,-279;-118,-273;-128,-266;-137,-258;-144,-248;-149,-237;-153,-225;-155,-213;-155,-201;-112,234;-110,243;-107,255;-101,266;-94,276;-86,285;-76,292;-65,297;-53,301;-41,303;-28,303;92,291;112,286;123,280;133,273;142,265;149,255;154,244;158,232;160,220;160,208;117,-227;115,-236;112,-248;106,-259;99,-269;91,-278;81,-285;70,-290;58,-294;46,-296
rotated-166|2030,1888;2022,1890;1965,1911;1958,1914;1951,1920;1945,1927;1942,1935;1940,1943;1940,1952;1942,1960;2024,2182;2027,2189;2033,2196;2040,2202;2047,2205;2056,2207;2065,2207;2073,2205;2130,2184;2137,2181;2144,2175;2150,2168;2153,2160;2155,2152;2155,2143;2153,2135;2071,1913;2068,1906;2062,1899;2055,1893;2048,1890;2039,1888
rotated-167|4183,3939;4173,3941;4164,3945;3928,4078;3921,4082;3914,4089;3909,4097;3905,4107;3903,4116;3903,4126;3905,4136;3909,4145;3948,4215;3952,4222;3959,4229;3968,4235;3977,4238;3987,4240;3996,4240;4006,4238;4015,4234;4251,4101;4258,4097;4265,4090;4270,4082;4274,4072;4276,4063;4276,4053;4274,4043;4270,4034;4231,3964;4227,3957;4220,3950;4211,3944;4202,3941;4192,3939
rotated-168|-154,-168;-162,-165;-169,-161;-175,-154;-204,-113;-206,-109;-209,-101;-210,-93;-209,-85;-206,-77;-201,-70;-195,-64;126,163;130,165;138,168;146,169;154,168;162,165;169,161;175,154;204,113;206,109;209,101;210,93;209,85;206,77;201,70;195,64;-126,-163;-130,-165;-138,-168;-146,-169
rotated-169|55,-105;-68,-95;-75,-94;-84,-91;-92,-86;-99,-80;-105,-72;-109,-63;-111,-54;-111,-44;-101,69;-100,75;-97,84;-93,93;-86,100;-78,106;-69,110;-60,112;-50,112;73,102;80,101;89,98;97,93;104,87;110,79;114,70;116,61;116,51;106,-62;105,-68;102,-77;98,-86;91,-93;83,-99;74,-103;65,-105
rotated-170|2106,1856;2095,1858;2084,1862;2074,1868;1870,2014;1860,2023;1853,2032;1848,2042;1844,2053;1842,2064;1842,2076;1844,2087;1848,2098;1854,2108;1927,2211;1936,2221;1945,2228;1955,2234;1966,2237;1977,2239;1989,2239;2000,2237;2011,2233;2021,2227;2225,2081;2235,2072;2242,2063;2247,2053;2251,2042;2253,2031;2253,2019;2251,2008;2247,1997;2241,1987;2168,1884;2159,1874;2150,1867;2140,1861;2129,1858;2118,1856
rotated-171|4060,3798;4049,3801;3950,3834;3938,3839;3928,3846;3920,3854;3913,3863;3908,3874;3905,3885;3904,3896;3904,3908;3907,3919;4045,4335;4050,4347;4057,4357;4065,4365;4074,4372;4085,4377;4096,4380;4107,4381;4119,4381;4130,4378;4229,4345;4241,4340;4251,4333;4259,4325;4266,4316;4271,4305;4274,4294;4275,4283;4275,4271;4272,4260;4134,3844;4129,3832;4122,3822;4114,3814;4105,3807;4094,3802;4083,3799;4072,3798
rotated-172|-17,-83;-24,-80;-30,-76;-71,-41;-76,-36;-79,-30;-81,-22;-81,-15;-78,-8;-74,-2;-9,73;-5,78;2,81;9,83;17,83;24,80;30,76;71,41;76,36;79,30;81,22;81,15;78,8;74,2;9,-73;5,-78;-2,-81;-9,-83
rotated-173|-35,-46;-41,-44;-45,-40;-48,-34;-60,-3;-62,3;-61,9;-59,15;-55,19;-49,22;28,52;34,54;40,53;46,51;50,46;53,41;65,9;67,3;66,-3;64,-9;59,-13;54,-16;-23,-45;-29,-47
rotated-174|1904,1818;1896,1821;1889,1826;1849,1861;1844,1867;1839,1874;1837,1883;1836,1891;1837,1900;1840,1908;1845,1915;2152,2265;2158,2270;2165,2275;2173,2277;2182,2278;2191,2277;2199,2274;2206,2269;2246,2234;2251,2228;2256,2221;2258,2212;2259,2204;2258,2195;2255,2187;2250,2180;1943,1830;1937,1825;1930,1820;1922,1818;1913,1817
rotated-175|4206,3839;4199,3842;4192,3847;4187,3853;3900,4262;3894,4273;3893,4281;3894,4289;3897,4297;3902,4303;3908,4309;3946,4335;3956,4339;3964,4341;3973,4340;3980,4337;3987,4332;3992,4326;4279,3917;4285,3906;4286,3898;4285,3890;4282,3882;4277,3876;4271,3870;4233,3844;4223,3840;4215,3838
rotated-176|-36,-101;-48,-98;-55,-94;-60,-88;-65,-81;-67,-73;-68,-65;-59,73;-56,85;-52,92;-46,98;-39,102;-31,104;-23,105;36,101;48,98;55,94;60,88;65,81;67,73;68,65;59,-73;56,-85;52,-92;46,-98;39,-102;31,-104;23,-105
rotated-177|37,-100;28,-98;-88,-49;-96,-44;-103,-38;-108,-30;-111,-22;-113,-13;-112,-4;-110,5;-77,83;-72,91;-66,98;-58,103;-50,106;-41,108;-32,107;-23,105;93,56;101,51;108,45;113,37;116,29;118,20;117,11;115,2;82,-76;77,-84;71,-91;63,-96;55,-99;46,-101
rotated-178|2047,1945;2039,1947;2031,1950;1965,1993;1960,1997;1955,2004;1951,2011;1949,2020;1949,2028;1951,2036;1954,2044;2013,2134;2017,2139;2024,2144;2031,2148;2039,2150;2048,2150;2056,2148;2064,2145;2130,2102;2135,2098;2140,2091;2144,2084;2146,2075;2146,2067;2144,2059;2141,2051;2082,1961;2078,1956;2071,1951;2064,1947;2056,1945
rotated-179|4162,3934;4156,3937;4151,3942;3968,4193;3965,4200;3964,4207;3965,4213;3968,4219;3973,4224;3997,4242;4004,4245;4011,4246;4017,4245;4023,4242;4028,4237;4211,3986;4214,3979;4215,3972;4214,3966;4211,3960;4206,3955;4182,3937;4175,3934;4168,3933
rotated-180|14,-160;5,-159;-3,-156;-11,-150;-17,-144;-21,-136;-112,78;-115,87;-115,96;-114,105;-111,113;-106,120;-99,127;-91,131;-32,157;-23,160;-14,160;-5,159;3,156;11,150;17,144;21,136;112,-78;115,-87;115,-96;114,-105;111,-113;106,-120;99,-127;91,-131;32,-157;23,-160
rotated-181|-26,-50;-35,-48;-41,-44;-46,-39;-49,-33;-50,-26;-50,33;-48,42;-44,48;-39,53;-33,56;-26,57;31,57;40,55;46,51;51,46;54,40;55,33;55,-26;53,-35;49,-41;44,-46;38,-49;31,-50
rotated-182|1833,1867;1822,1870;1812,1874;1803,1881;1795,1889;1789,1898;1785,1908;1755,1995;1752,2003;1751,2014;1752,2025;1755,2036;1759,2046;1766,2055;1773,2063;1783,2069;1793,2073;2232,2225;2240,2228;2251,2229;2262,2228;2273,2225;2283,2221;2292,2214;2300,2206;2306,2197;2310,2187;2340,2100;2343,2092;2344,2081;2343,2070;2340,2059;2336,2049;2329,2040;2322,2032;2312,2026;2302,2022;1863,1870;1855,1867;1844,1866
rotated-183|4036,3882;4025,3885;4014,3890;4005,3896;3915,3971;3906,3980;3900,3989;3895,3999;3892,4010;3891,4022;3892,4033;3895,4044;3900,4055;3906,4064;4081,4274;4090,4283;4099,4289;4109,4294;4120,4297;4132,4298;4143,4297;4154,4294;4165,4289;4174,4283;4264,4208;4273,4199;4279,4190;4284,4180;4287,4169;4288,4157;4287,4146;4284,4135;4279,4124;4273,4115;4098,3905;4089,3896;4080,3890;4070,3885;4059,3882;4047,3881
rotated-184|-107,-141;-114,-138;-120,-133;-146,-104;-150,-98;-152,-91;-153,-84;-152,-76;-144,-64;80,135;86,139;93,141;100,142;107,141;114,138;120,133;146,104;150,98;152,91;153,84;152,76;144,64;-80,-135;-86,-139;-93,-141;-100,-142
rotated-185|31,-98;-38,-94;-44,-93;-52,-91;-59,-86;-65,-80;-69,-72;-72,-64;-72,-56;-64,71;-63,77;-61,85;-56,92;-50,98;-43,102;-34,105;-26,105;43,101;49,100;57,98;64,93;70,87;74,79;77,71;77,63;69,-64;68,-70;66,-78;61,-85;55,-91;48,-95;39,-98
rotated-186|1968,1956;1963,1957;1954,1959;1945,1963;1937,1969;1931,1976;1926,1985;1923,1994;1922,2004;1923,2096;1926,2111;1930,2119;1936,2127;1944,2133;1952,2138;1961,2141;1971,2142;2127,2139;2132,2138;2141,2136;2150,2132;2158,2126;2164,2119;2169,2110;2172,2101;2173,2091;2172,1999;2169,1984;2165,1976;2159,1968;2151,1962;2143,1957;2134,1954;2124,1953
rotated-187|4130,4027;4029,4044;4023,4046;4016,4050;4011,4056;4008,4063;4006,4070;4007,4077;4017,4129;4018,4135;4022,4141;4027,4147;4034,4150;4041,4152;4049,4152;4150,4135;4156,4133;4163,4129;4168,4123;4171,4116;4173,4109;4172,4102;4162,4050;4161,4044;4157,4038;4152,4032;4145,4029;4138,4027
rotated-188|-36,-74;-61,-55;-65,-51;-68,-45;-69,-39;-65,-27;8,70;12,74;18,77;24,78;36,74;61,55;65,51;68,45;69,39;65,27;-8,-70;-12,-74;-18,-77;-24,-78
rotated-189|-4,-51;-31,-40;-34,-38;-38,-34;-41,-29;-42,-23;-41,-18;-14,48;-12,51;-8,55;-3,58;3,59;8,58;36,47;39,45;44,41;46,36;47,30;46,24;18,-42;12,-48;7,-51;1,-52
rotated-190|2122,1992;1957,2070;1955,2072;1952,2076;1951,2080;1952,2084;1958,2097;1960,2100;1964,2103;1968,2104;1973,2103;2138,2025;2140,2023;2143,2019;2144,2015;2143,2011;2137,1998;2135,1995;2131,1992;2127,1991
rotated-191|4059,3787;4049,3789;4039,3794;4031,3800;4024,3808;4019,3816;4015,3826;4013,3836;3980,4329;3981,4341;3983,4351;3988,4360;3994,4369;4001,4376;4010,4381;4020,4385;4030,4387;4108,4393;4120,4392;4130,4390;4140,4385;4148,4379;4155,4371;4160,4363;4164,4353;4166,4343;4199,3850;4198,3838;4196,3828;4191,3819;4185,3810;4178,3803;4169,3798;4159,3794;4149,3792;4071,3786
rotated-192|-123,-75;-136,-73;-144,-69;-152,-63;-158,-56;-163,-48;-165,-39;-166,-30;-164,40;-162,53;-158,62;-152,69;-145,75;-137,80;-128,82;-119,83;123,75;136,73;144,69;152,63;158,56;163,48;165,39;166,30;164,-40;162,-53;158,-62;152,-69;145,-75;137,-80;128,-82;119,-83
rotated-193|40,-272;29,-270;19,-267;9,-261;1,-254;-6,-245;-11,-236;-182,156;-185,164;-187,175;-187,186;-185,197;-181,207;-176,217;-169,225;-160,232;-150,237;-64,274;-57,277;-46,279;-35,279;-24,277;-14,274;-4,268;4,261;11,252;16,243;187,-149;190,-157;192,-168;192,-179;190,-190;186,-200;181,-210;174,-218;165,-225;155,-230;69,-267;62,-270;51,-272
rotated-194|2189,1912;2182,1915;1866,2102;1862,2105;1857,2111;1854,2118;1853,2125;1854,2132;1857,2139;1876,2171;1879,2175;1885,2180;1891,2183;1899,2184;1906,2183;1913,2180;2229,1993;2233,1990;2238,1984;2241,1977;2242,1970;2241,1963;2238,1956;2219,1924;2216,1920;2210,1915;2204,1912;2196,1911
rotated-195|4131,3994;4122,3996;4006,4036;4000,4039;3993,4044;3987,4051;3983,4058;3981,4067;3981,4076;3983,4084;4008,4159;4011,4167;4016,4174;4023,4179;4031,4183;4039,4185;4048,4185;4057,4183;4173,4143;4179,4140;4186,4135;4192,4128;4196,4121;4198,4112;4198,4103;4196,4095;4171,4020;4168,4012;4163,4005;4156,4000;4148,3996;4140,3994
rotated-196|-29,-263;-53,-259;-57,-258;-62,-255;-66,-250;-68,-244;-68,-238;8,248;9,252;12,257;17,261;23,263;29,263;53,259;57,258;62,255;66,250;68,244;68,238;-8,-248;-9,-252;-12,-257;-17,-261;-23,-263
rotated-197|-1,-85;-8,-81;-14,-76;-79,-3;-84,5;-86,13;-87,21;-85,29;-81,36;-76,42;-26,86;-18,91;-10,93;-2,94;6,92;13,88;19,83;84,10;89,2;91,-6;92,-14;90,-22;86,-29;81,-35;31,-79;23,-84;15,-86;7,-87
rotated-198|2041,1857;2032,1861;2024,1866;2017,1872;2011,1880;2007,1889;1923,2153;1921,2160;1921,2170;1922,2180;1926,2189;1931,2197;1938,2204;1946,2210;1955,2214;2028,2237;2034,2238;2044,2239;2054,2238;2063,2234;2071,2229;2078,2223;2084,2215;2088,2206;2172,1942;2174,1935;2174,1925;2173,1915;2169,1906;2164,1898;2157,1891;2149,1885;2140,1881;2067,1858;2061,1857;2051,1856
rotated-199|3930,3966;3922,3968;3916,3971;3910,3976;3906,3983;3890,4019;3889,4024;3888,4032;3889,4039;3893,4046;3898,4051;3904,4055;4235,4210;4242,4213;4249,4213;4257,4211;4263,4208;4269,4203;4273,4196;4289,4160;4290,4155;4291,4147;4290,4140;4286,4133;4281,4128;4275,4124;3944,3969;3937,3966
rotated-200|72,-227;60,-225;49,-221;39,-216;29,-208;-209,23;-218,34;-224,45;-228,56;-230,67;-229,79;-227,91;-223,102;-218,112;-210,121;-128,206;-116,216;-106,222;-95,226;-83,228;-72,227;-60,225;-49,221;-39,216;-29,208;209,-23;218,-34;224,-45;228,-56;230,-67;229,-79;227,-91;223,-102;218,-112;210,-121;128,-206;116,-216;106,-222;95,-226;83,-228
rotated-201|-22,-136;-30,-133;-92,-100;-100,-94;-106,-88;-111,-80;-113,-71;-114,-62;-112,-53;-109,-45;-20,123;-14,131;-8,137;0,142;9,144;18,145;27,143;35,140;97,107;105,101;111,95;116,87;118,78;119,69;117,60;114,52;25,-116;19,-124;13,-130;5,-135;-4,-137;-13,-138
rotated-202|2075,1929;2066,1930;1971,1957;1959,1963;1952,1968;1946,1976;1941,1984;1939,1993;1939,2003;1940,2012;1974,2134;1980,2146;1986,2154;1993,2159;2001,2164;2010,2166;2020,2166;2029,2165;2124,2138;2136,2132;2143,2127;2149,2119;2154,2111;2156,2102;2156,2092;2155,2083;2121,1961;2115,1949;2109,1941;2102,1936;2094,1931;2085,1929
rotated-203|4127,3934;4119,3938;4113,3943;4107,3949;3967,4159;3965,4163;3962,4171;3961,4180;3962,4188;3965,4196;3970,4203;3977,4209;4022,4240;4027,4243;4035,4245;4043,4246;4052,4245;4060,4241;4066,4236;4072,4230;4212,4020;4214,4016;4217,4008;4218,3999;4217,3991;4214,3983;4209,3976;4202,3970;4157,3939;4152,3936;4144,3934;4136,3933
rotated-204|-46,-187;-56,-184;-66,-180;-74,-173;-81,-166;-87,-157;-91,-147;-93,-136;-113,121;-112,134;-109,145;-105,154;-98,163;-90,170;-81,175;-72,179;-61,181;33,188;46,187;56,184;66,180;74,173;81,166;87,157;91,147;93,136;113,-121;112,-134;109,-145;105,-154;98,-163;90,-170;81,-175;72,-179;61,-181;-33,-188
rotated-205|169,-213;158,-210;148,-206;-252,21;-260,26;-268,34;-275,43;-280,53;-283,64;-284,75;-283,86;-280,97;-276,107;-229,189;-224,197;-216,205;-207,211;-197,216;-186,220;-175,221;-164,220;-153,217;-143,213;257,-14;265,-19;273,-27;280,-36;285,-46;288,-57;289,-68;288,-79;285,-90;281,-100;234,-182;229,-190;221,-198;212,-204;202,-209;191,-213;180,-214
rotated-206|1944,1923;1936,1926;1930,1931;1925,1937;1899,1977;1894,1987;1893,1995;1894,2003;1897,2010;1902,2017;1908,2022;2125,2167;2135,2172;2143,2173;2151,2172;2159,2169;2165,2164;2170,2158;2196,2118;2201,2108;2202,2100;2201,2092;2198,2085;2193,2078;2187,2073;1970,1928;1960,1923;1952,1922
rotated-207|4114,4010;4106,4012;4026,4042;4018,4046;4012,4052;4006,4066;4006,4074;4008,4082;4033,4149;4037,4157;4043,4163;4050,4167;4057,4169;4065,4169;4073,4167;4153,4137;4161,4133;4167,4127;4173,4113;4173,4105;4171,4097;4146,4030;4142,4022;4136,4016;4129,4012;4122,4010
rotated-208|-195,-157;-202,-154;-208,-150;-212,-144;-231,-111;-234,-105;-235,-98;-234,-90;-231,-83;-227,-77;-221,-73;174,154;180,157;187,158;195,157;202,154;208,150;212,144;231,111;234,105;235,98;234,90;231,83;227,77;221,73;-174,-154;-180,-157;-187,-158
rotated-209|-156,-229;-168,-228;-180,-224;-191,-218;-201,-211;-209,-202;-216,-192;-277,-87;-281,-79;-285,-68;-287,-56;-287,-43;-285,-31;-282,-19;-276,-9;-268,1;-260,10;-249,17;119,227;125,230;137,234;149,236;161,236;173,235;185,231;196,225;206,218;214,209;221,199;282,94;286,86;290,75;292,63;292,50;290,38;287,26;281,16;273,6;265,-3;254,-10;-114,-220;-120,-223;-132,-227;-144,-229
rotated-210|2031,1952;2023,1954;2021,1955;2019,1958;2019,1961;2056,2138;2057,2141;2060,2143;2064,2143;2072,2141;2074,2140;2076,2137;2076,2134;2039,1957;2038,1954;2035,1952
rotated-211|4075,3921;4007,3942;3996,3948;3989,3953;3983,3961;3979,3969;3977,3978;3976,3988;3978,3997;4049,4229;4055,4240;4061,4247;4068,4253;4076,4257;4085,4259;4095,4260;4104,4258;4172,4237;4183,4231;4190,4226;4196,4218;4200,4210;4202,4201;4203,4191;4201,4182;4130,3950;4124,3939;4118,3932;4111,3926;4103,3922;4094,3920;4084,3919
rotated-212|-143,-61;-147,-58;-149,-54;-153,-41;-153,-34;-150,-30;-146,-28;136,61;143,61;147,58;149,54;153,41;153,34;150,30;146,28;-136,-61
rotated-213|2,-56;-3,-52;-7,-48;-48,18;-50,23;-51,29;-49,35;-46,40;-42,44;-14,61;-9,63;-3,64;3,63;8,59;12,55;53,-11;55,-16;56,-22;54,-28;51,-33;47,-37;19,-54;14,-56;8,-57
rotated-214|2034,2003;2028,2004;2023,2007;2021,2012;2020,2017;2021,2078;2022,2084;2025,2088;2030,2091;2035,2092;2061,2092;2067,2091;2072,2088;2074,2083;2075,2078;2074,2017;2073,2011;2070,2007;2065,2004;2060,2003
rotated-215|4298,3971;3851,4121;3846,4124;3840,4128;3836,4134;3833,4141;3833,4149;3834,4156;3846,4191;3849,4196;3853,4202;3859,4206;3866,4208;3873,4209;3881,4208;4328,4058;4333,4055;4339,4051;4343,4045;4346,4038;4346,4030;4345,4023;4333,3988;4330,3983;4326,3977;4320,3973;4313,3971;4306,3970
rotated-216|51,-243;42,-240;35,-235;28,-229;24,-221;-150,163;-153,172;-154,181;-153,190;-149,199;-144,206;-138,212;-130,217;-78,241;-68,244;-59,245;-51,243;-42,240;-35,235;-28,229;-24,221;150,-163;153,-172;154,-181;153,-190;149,-199;144,-206;138,-212;130,-217;78,-241;68,-244;59,-245
rotated-217|12,-38;-17,-34;-24,-32;-28,-28;-30,-23;-30,-17;-24,32;-21,39;-17,43;-12,45;-7,45;22,41;29,39;33,35;35,30;35,24;29,-25;26,-32;22,-36;17,-38
rotated-218|1887,1979;1881,1980;1875,1984;1871,1989;1869,1995;1863,2022;1863,2028;1864,2034;1868,2040;1873,2044;1879,2046;2202,2116;2208,2116;2214,2115;2220,2111;2224,2106;2226,2100;2232,2073;2232,2067;2231,2061;2227,2055;2222,2051;2216,2049;1893,1979
rotated-219|4064,4027;4058,4030;4052,4034;4049,4040;4047,4046;4036,4117;4036,4127;4039,4133;4043,4139;4049,4142;4055,4144;4105,4152;4115,4152;4121,4149;4127,4145;4130,4139;4132,4133;4143,4062;4143,4052;4140,4046;4136,4040;4130,4037;4124,4035;4074,4027
rotated-220|-61,-17;-64,-16;-65,-13;-66,-6;-66,-4;-65,-1;-62,0;59,17;61,17;64,16;65,13;66,6;66,4;65,1;62,0;-59,-17
rotated-221|-75,-125;-84,-123;-93,-118;-101,-112;-108,-104;-113,-96;-149,-13;-151,-5;-153,5;-152,15;-150,24;-145,33;-139,41;-131,48;-123,53;52,129;60,131;70,133;80,132;89,130;98,125;106,119;113,111;118,103;154,20;156,12;158,2;157,-8;155,-17;150,-26;144,-34;136,-41;128,-46;-47,-122;-55,-124;-65,-126
rotated-222|2055,2011;2054,2013;2030,2079;2030,2082;2032,2084;2037,2085;2040,2084;2041,2082;2065,2016;2065,2013;2063,2011;2058,2010
rotated-223|4072,3935;4060,3937;4055,3939;4053,3943;4053,3947;4096,4236;4098,4242;4102,4244;4107,4244;4119,4242;4124,4240;4126,4236;4126,4232;4083,3943;4081,3937;4077,3935
rotated-224|-35,-286;-89,-274;-97,-271;-104,-266;-111,-260;-116,-253;-119,-244;-120,-235;-119,-226;-13,256;-10,264;-5,271;1,278;9,283;17,286;26,287;35,286;89,274;97,271;104,266;111,260;116,253;119,244;120,235;119,226;13,-256;10,-264;5,-271;-1,-278;-9,-283;-17,-286;-26,-287
rotated-225|28,-262;18,-260;8,-256;-1,-251;-15,-235;-19,-225;-158,168;-161,180;-161,191;-159,201;-155,211;-150,220;-143,227;-134,233;-125,238;-47,266;-34,269;-23,269;-13,267;-3,263;6,258;20,242;24,232;163,-161;166,-173;166,-184;164,-194;160,-204;155,-213;148,-220;139,-226;130,-231;52,-259;39,-262
rotated-226|1940,1898;1931,1901;1924,1906;1918,1912;1883,1957;1879,1963;1876,1971;1875,1980;1876,1988;1879,1997;1884,2004;1890,2010;2124,2190;2130,2194;2138,2197;2147,2198;2155,2197;2164,2194;2171,2189;2177,2183;2212,2138;2216,2132;2219,2124;2220,2115;2219,2107;2216,2098;2211,2091;2205,2085;1971,1905;1965,1901;1957,1898;1948,1897
rotated-227|4112,3990;4103,3992;4016,4023;4009,4027;4002,4032;3997,4039;3993,4047;3991,4055;3991,4064;3993,4072;4027,4164;4030,4170;4036,4177;4042,4183;4050,4187;4059,4189;4067,4189;4076,4187;4163,4156;4170,4152;4177,4147;4182,4140;4186,4132;4188,4124;4188,4115;4186,4107;4152,4015;4149,4009;4143,4002;4137,3996;4129,3992;4120,3990
rotated-228|-138,-280;-149,-277;-169,-265;-244,-199;-252,-190;-258,-180;-263,-169;-265,-158;-266,-147;-265,-135;-261,-124;-256,-114;-249,-105;76,259;84,267;94,273;104,278;115,280;127,281;138,280;149,277;169,265;244,199;252,190;258,180;263,169;265,158;266,147;265,135;261,124;256,114;249,105;-76,-259;-84,-267;-94,-273;-104,-278;-115,-280;-127,-281
rotated-229|-29,-116;-41,-113;-48,-109;-54,-104;-58,-97;-61,-89;-62,-81;-56,92;-53,104;-49,111;-44,117;-37,121;-29,124;-21,125;34,123;46,120;53,116;59,111;63,104;66,96;67,88;61,-85;58,-97;54,-104;49,-110;42,-114;34,-117;26,-118
rotated-230|2046,1755;1968,1766;1957,1769;1947,1774;1939,1780;1932,1788;1927,1797;1923,1807;1922,1817;1922,1828;1987,2294;1990,2306;1995,2315;2001,2323;2009,2330;2018,2335;2028,2339;2038,2340;2049,2340;2127,2329;2138,2326;2148,2321;2156,2315;2163,2307;2168,2298;2172,2288;2173,2278;2173,2267;2108,1801;2105,1789;2100,1780;2094,1772;2086,1765;2077,1760;2067,1756;2057,1755
rotated-231|4088,4041;4083,4042;4079,4045;4076,4050;4055,4114;4055,4119;4056,4124;4059,4128;4064,4131;4086,4138;4091,4138;4096,4137;4100,4134;4103,4129;4124,4065;4124,4060;4123,4055;4120,4051;4115,4048;4093,4041
rotated-232|-142,-214;-152,-213;-161,-209;-170,-204;-177,-197;-224,-141;-229,-134;-233,-125;-235,-116;-235,-106;-234,-96;-230,-87;-225,-78;-218,-71;107,203;114,208;123,212;132,214;142,214;152,213;161,209;170,204;177,197;224,141;229,134;233,125;235,116;235,106;234,96;230,87;225,78;218,71;-107,-203;-114,-208;-123,-212;-132,-214
rotated-233|-51,-80;-58,-79;-64,-76;-69,-72;-90,-45;-94,-37;-94,-30;-93,-24;-90,-18;-85,-13;43,83;50,87;56,87;63,86;69,83;74,79;95,52;99,44;99,37;98,31;95,25;90,20;-38,-76;-45,-80
rotated-234|2071,1841;2064,1844;2058,1848;2053,1854;2050,1861;1954,2210;1953,2216;1954,2223;1957,2230;1961,2236;1967,2241;1974,2244;2011,2254;2017,2255;2024,2254;2031,2251;2037,2247;2042,2241;2045,2234;2141,1885;2142,1879;2141,1872;2138,1865;2134,1859;2128,1854;2121,1851;2084,1841;2078,1840
rotated-235|4078,3847;4070,3849;4062,3852;4055,3858;4049,3865;4045,3873;4044,3882;4001,4283;4001,4292;4003,4300;4006,4308;4012,4315;4019,4321;4027,4325;4036,4326;4092,4332;4101,4332;4109,4330;4117,4327;4124,4321;4130,4314;4134,4306;4135,4297;4178,3896;4178,3887;4176,3879;4173,3871;4167,3864;4160,3858;4152,3854;4143,3853;4087,3847
rotated-236|-3,-75;-30,-69;-34,-67;-39,-64;-42,-59;-44,-53;-44,-47;-19,61;-17,65;-14,70;-9,73;-3,75;3,75;30,69;34,67;39,64;42,59;44,53;44,47;19,-61;17,-65;14,-70;9,-73;3,-75
rotated-237|-204,-65;-209,-64;-212,-61;-214,-57;-217,-44;-217,-42;-216,-38;-214,-34;-210,-32;206,72;209,72;214,71;217,68;219,64;222,51;222,49;221,45;219,41;215,39;-201,-65
rotated-238|2155,1925;2150,1928;1912,2130;1908,2135;1907,2141;1908,2146;1911,2151;1924,2166;1929,2170;1935,2171;1940,2170;1945,2167;2183,1965;2187,1960;2188,1954;2187,1949;2184,1944;2171,1929;2166,1925;2160,1924
rotated-239|4036,4034;4029,4036;4023,4040;4018,4046;4015,4053;4014,4060;4013,4115;4014,4122;4016,4129;4020,4135;4026,4140;4033,4143;4040,4144;4136,4146;4143,4145;4150,4143;4156,4139;4161,4133;4164,4126;4165,4119;4166,4064;4165,4057;4163,4050;4159,4044;4153,4039;4146,4036;4139,4035;4043,4033
rotated-240|219,-50;-225,-13;-230,-12;-235,-9;-239,-4;-242,1;-242,8;-240,33;-239,38;-236,43;-231,47;-226,50;-219,50;225,13;230,12;235,9;239,4;242,-1;242,-8;240,-33;239,-38;236,-43;231,-47;226,-50
rotated-241|150,-108;-170,-61;-179,-59;-188,-55;-196,-49;-203,-42;-208,-33;-212,-24;-213,-14;-213,-4;-202,72;-200,81;-196,90;-190,98;-183,105;-174,110;-165,114;-155,115;-145,115;175,68;184,66;193,62;201,56;208,49;213,40;217,31;218,21;218,11;207,-65;205,-74;201,-83;195,-91;188,-98;179,-103;170,-107;160,-108
rotated-242|2033,1788;2027,1791;2023,1796;2020,1802;2018,1808;2001,2284;2003,2293;2006,2299;2011,2303;2017,2306;2023,2308;2053,2309;2062,2307;2068,2304;2072,2299;2075,2293;2077,2287;2094,1811;2092,1802;2089,1796;2084,1792;2078,1789;2072,1787;2042,1786
rotated-243|4202,3809;4191,3812;4181,3816;4171,3823;4163,3831;3846,4204;3841,4211;3836,4221;3832,4232;3831,4243;3832,4255;3835,4266;3839,4276;3845,4285;3853,4293;3925,4355;3934,4361;3944,4366;3955,4370;3966,4371;3977,4370;3988,4367;3998,4363;4008,4356;4016,4348;4333,3975;4338,3968;4343,3958;4347,3947;4348,3936;4347,3924;4344,3913;4340,3903;4334,3894;4326,3886;4254,3824;4245,3818;4235,3813;4224,3809;4213,3808
rotated-244|171,-90;-188,-44;-197,-42;-204,-38;-211,-33;-217,-26;-221,-18;-222,-9;-222,0;-215,56;-213,65;-209,73;-204,79;-197,85;-189,89;-180,90;-171,90;188,44;197,42;204,38;211,33;217,26;221,18;222,9;222,0;215,-56;213,-65;209,-73;204,-79;197,-85;189,-89;180,-90
rotated-245|-203,-53;-208,-50;-211,-46;-213,-41;-216,-22;-216,-16;-213,-11;-209,-8;-204,-6;202,60;208,60;213,57;216,53;218,48;221,29;221,23;218,18;214,15;209,13;-197,-53
rotated-246|2167,1891;2156,1894;1866,1996;1860,1998;1851,2004;1842,2011;1836,2020;1831,2029;1827,2040;1826,2051;1827,2061;1830,2072;1863,2165;1865,2171;1871,2180;1878,2188;1886,2195;1896,2200;1907,2204;1917,2205;1928,2204;1939,2201;2229,2099;2235,2097;2244,2091;2253,2084;2259,2075;2264,2066;2268,2055;2269,2044;2268,2034;2265,2023;2232,1930;2230,1924;2224,1915;2217,1907;2209,1900;2199,1895;2188,1891;2178,1890
rotated-247|4109,3796;4027,3802;4013,3805;4004,3809;3995,3815;3987,3823;3982,3831;3977,3841;3975,3852;3975,3862;4010,4331;4013,4345;4017,4354;4023,4363;4031,4371;4039,4376;4049,4381;4060,4383;4070,4383;4152,4377;4166,4374;4175,4370;4184,4364;4192,4356;4197,4348;4202,4338;4204,4327;4204,4317;4169,3848;4166,3834;4162,3825;4156,3816;4148,3808;4140,3803;4130,3798;4119,3796
rotated-248|-5,-43;-9,-41;-13,-37;-38,6;-40,13;-39,18;-37,23;-33,27;-8,42;-1,44;5,43;9,41;13,37;38,-6;40,-13;39,-18;37,-23;33,-27;8,-42;1,-44
rotated-249|-19,-81;-25,-80;-31,-77;-62,-55;-69,-48;-72,-42;-72,-35;-71,-29;-68,-22;4,79;11,85;17,88;24,88;30,87;36,84;67,62;74,55;77,49;77,42;76,36;73,29;1,-72;-6,-78;-12,-81
rotated-250|2025,1961;2018,1964;2012,1969;2007,1975;2004,1982;1976,2080;1975,2088;1976,2095;1979,2103;1983,2109;1989,2114;1996,2117;2053,2134;2062,2135;2070,2134;2077,2131;2083,2126;2088,2120;2091,2113;2119,2015;2120,2007;2119,2000;2116,1992;2112,1986;2106,1981;2099,1978;2042,1961;2033,1960
rotated-251|4105,4004;4097,4006;4090,4010;4014,4064;4007,4070;4003,4077;4001,4085;4001,4092;4003,4100;4007,4107;4046,4162;4052,4169;4059,4173;4067,4175;4074,4175;4082,4173;4089,4169;4165,4115;4172,4109;4176,4102;4178,4094;4178,4087;4176,4079;4172,4072;4133,4017;4127,4010;4120,4006;4112,4004
rotated-252|18,-56;-50,-32;-58,-27;-62,-22;-64,-15;-65,-9;-64,-2;-48,42;-43,49;-38,54;-32,56;-25,57;-18,56;50,32;58,27;62,22;64,15;65,9;64,2;48,-42;43,-49;38,-54;32,-56;25,-57
rotated-253|-5,-316;-99,-299;-108,-296;-119,-291;-128,-285;-136,-277;-143,-268;-148,-258;-151,-247;-152,-235;-151,-224;-66,270;-63,281;-58,291;-52,300;-44,309;-34,315;-24,320;-13,323;-2,324;10,323;104,306;113,303;124,298;133,292;141,284;148,275;153,265;156,254;157,242;156,231;71,-263;68,-274;63,-284;57,-293;49,-302;39,-308;29,-313;18,-316;7,-317
rotated-254|2041,2038;2036,2045;2035,2048;2037,2050;2049,2058;2052,2059;2054,2057;2059,2050;2060,2047;2058,2045;2046,2037;2043,2036
rotated-255|4254,3872;4243,3875;4233,3879;3837,4107;3829,4112;3821,4120;3814,4129;3809,4139;3806,4150;3805,4161;3806,4172;3808,4183;3813,4193;3860,4276;3865,4284;3873,4292;3882,4299;3892,4304;3903,4307;3914,4308;3925,4307;3936,4304;3946,4300;4342,4072;4350,4067;4358,4059;4365,4050;4370,4040;4373,4029;4374,4018;4373,4007;4371,3996;4366,3986;4319,3903;4314,3895;4306,3887;4297,3880;4287,3875;4276,3872;4265,3871
rotated-256|159,-141;150,-139;-203,-23;-210,-20;-218,-15;-225,-8;-231,0;-235,9;-237,19;-236,29;-234,38;-211,108;-208,115;-203,123;-196,130;-188,136;-179,140;-169,142;-159,141;-150,139;203,23;210,20;218,15;225,8;231,0;235,-9;237,-19;236,-29;234,-38;211,-108;208,-115;203,-123;196,-130;188,-136;179,-140;169,-142
rotated-257|-46,-141;-56,-138;-64,-133;-72,-126;-134,-58;-139,-52;-143,-43;-146,-34;-147,-24;-145,-14;-142,-4;-137,4;-130,12;7,137;13,142;22,146;31,149;41,150;51,148;61,145;69,140;77,133;139,65;144,59;148,50;151,41;152,31;150,21;147,11;142,3;135,-5;-2,-130;-8,-135;-17,-139;-26,-142;-36,-143
rotated-258|2028,1999;2023,2001;2019,2006;1999,2034;1997,2037;1995,2043;1996,2049;1998,2054;2003,2058;2052,2093;2055,2095;2061,2097;2067,2096;2072,2094;2076,2089;2096,2061;2098,2058;2100,2052;2099,2046;2097,2041;2092,2037;2043,2002;2040,2000;2034,1998
rotated-259|4336,3945;3825,3982;3808,3986;3797,3990;3787,3997;3778,4004;3770,4014;3765,4024;3761,4036;3758,4047;3758,4059;3766,4167;3770,4184;3774,4195;3780,4205;3788,4214;3798,4222;3808,4227;3819,4231;3831,4234;3843,4234;4354,4197;4371,4193;4382,4189;4392,4182;4401,4175;4409,4165;4414,4155;4418,4143;4421,4132;4421,4120;4413,4012;4409,3995;4405,3984;4399,3974;4391,3965;4381,3957;4371,3952;4360,3948;4348,3945
rotated-260|-32,-45;-37,-43;-41,-38;-55,-14;-56,-11;-57,-6;-56,0;-53,5;-49,8;19,44;27,46;32,45;37,43;41,38;55,14;56,11;57,6;56,0;53,-5;49,-8;-19,-44;-27,-46
rotated-261|162,-188;158,-185;-176,172;-178,177;-177,181;-175,185;-166,193;-161,195;-157,195;-153,192;181,-165;183,-170;182,-174;180,-178;171,-186;166,-188
rotated-262|2077,1922;2067,1924;1963,1956;1958,1958;1949,1963;1942,1969;1936,1977;1932,1986;1930,1995;1930,2005;1931,2014;1968,2139;1971,2146;1976,2154;1982,2161;1990,2167;1999,2171;2009,2173;2018,2173;2028,2171;2132,2139;2137,2137;2146,2132;2153,2126;2159,2118;2163,2109;2165,2100;2165,2090;2164,2081;2127,1956;2124,1949;2119,1941;2113,1934;2105,1928;2096,1924;2086,1922
rotated-263|3997,3960;3989,3962;3982,3966;3976,3972;3945,4012;3943,4016;3939,4023;3938,4031;3939,4040;3941,4047;3946,4054;3952,4060;4156,4213;4166,4218;4174,4220;4182,4219;4190,4217;4197,4213;4203,4207;4234,4167;4236,4163;4240,4156;4241,4148;4240,4139;4238,4132;4233,4125;4227,4119;4023,3966;4013,3961;4005,3959
rotated-264|-223,-126;-225,-124;-228,-119;-228,-115;-226,-113;219,126;223,126;225,124;228,119;228,115;226,113;-219,-126
rotated-265|-166,-167;-172,-164;-177,-159;-198,-133;-200,-130;-203,-124;-204,-117;-202,-110;-199,-104;-194,-99;148,170;157,175;164,176;171,174;177,171;182,166;203,140;205,137;208,131;209,124;207,117;204,111;199,106;-143,-163;-152,-168;-159,-169
rotated-266|2109,1912;1941,1944;1926,1949;1917,1954;1909,1961;1903,1970;1898,1980;1895,1990;1894,2001;1895,2012;1918,2137;1919,2142;1923,2152;1928,2161;1936,2169;1944,2176;1954,2180;1964,2183;1975,2184;1986,2183;2154,2151;2169,2146;2178,2141;2186,2134;2192,2125;2197,2115;2200,2105;2201,2094;2200,2083;2177,1958;2176,1953;2172,1943;2167,1934;2159,1926;2151,1919;2141,1915;2131,1912;2120,1911
rotated-267|3978,3907;3966,3910;3956,3914;3946,3920;3937,3928;3930,3937;3924,3947;3874,4058;3870,4070;3868,4082;3868,4094;3871,4105;3875,4116;3881,4126;3888,4135;3897,4142;3908,4148;4165,4266;4178,4271;4189,4272;4201,4272;4213,4269;4223,4265;4233,4259;4242,4251;4249,4242;4255,4232;4305,4121;4309,4109;4311,4097;4311,4085;4308,4074;4304,4063;4298,4053;4291,4044;4282,4037;4271,4031;4014,3913;4001,3908;3990,3907
rotated-268|-189,-83;-197,-80;-204,-75;-209,-69;-213,-61;-215,-53;-221,-5;-221,7;-218,15;-213,22;-207,27;-200,31;-192,33;176,83;181,84;189,83;197,80;204,75;209,69;213,61;215,53;221,5;221,-7;218,-15;213,-22;207,-27;200,-31;192,-33;-176,-83;-181,-84
rotated-269|5,-249;-5,-246;-15,-242;-24,-235;-31,-228;-37,-218;-41,-208;-153,153;-156,168;-155,179;-153,189;-148,199;-142,208;-134,216;-125,222;-115,226;-28,254;-22,256;-11,257;0,256;10,253;20,249;29,242;36,235;42,225;46,215;158,-146;161,-161;160,-172;158,-182;153,-192;147,-201;139,-209;130,-215;120,-219;33,-247;27,-249;16,-250
rotated-270|2027,1968;2021,1971;2016,1975;2012,1981;2010,1988;1996,2096;1997,2106;2000,2112;2005,2117;2010,2121;2017,2123;2058,2128;2068,2127;2074,2124;2079,2120;2083,2114;2085,2107;2099,1999;2098,1989;2095,1983;2090,1978;2085,1974;2078,1972;2037,1967
rotated-271|4047,4032;4043,4035;4032,4047;4030,4050;4029,4055;4030,4060;4033,4064;4119,4145;4122,4147;4127,4148;4132,4147;4136,4144;4147,4132;4149,4129;4150,4124;4149,4119;4146,4115;4060,4034;4057,4032;4052,4031
rotated-272|118,-228;106,-226;94,-222;84,-216;-231,-10;-237,-6;-246,2;-253,12;-259,23;-263,34;-265,46;-265,58;-263,70;-259,82;-253,93;-186,195;-182,200;-174,209;-164,216;-153,222;-142,226;-130,228;-118,228;-106,226;-94,222;-84,216;231,10;237,6;246,-2;253,-12;259,-23;263,-34;265,-46;265,-58;263,-70;259,-82;253,-93;186,-195;182,-200;174,-209;164,-216;153,-222;142,-226;130,-228
rotated-273|-35,-284;-45,-282;-108,-264;-113,-263;-121,-258;-128,-252;-134,-244;-138,-236;-141,-226;-141,-217;-139,-207;-7,258;-6,263;-1,271;5,278;13,284;21,288;31,291;40,291;50,289;113,271;118,270;126,265;133,259;139,251;143,243;146,233;146,224;144,214;12,-251;11,-256;6,-264;0,-271;-8,-277;-16,-281;-26,-284
rotated-274|2171,1931;2164,1933;1886,2067;1878,2072;1873,2078;1870,2086;1868,2093;1869,2101;1871,2108;1890,2147;1895,2155;1901,2160;1908,2163;1916,2165;1924,2164;1931,2162;2209,2028;2217,2023;2222,2017;2225,2009;2227,2002;2226,1994;2224,1987;2205,1948;2200,1940;2194,1935;2187,1932;2179,1930
rotated-275|4121,3969;4114,3972;4107,3976;4102,3982;3993,4140;3990,4146;3988,4153;3988,4161;3991,4168;3995,4175;4000,4180;4036,4205;4043,4208;4051,4210;4058,4210;4065,4207;4072,4203;4077,4197;4186,4039;4189,4033;4191,4026;4191,4018;4188,4011;4184,4004;4179,3999;4143,3974;4136,3971;4128,3969
rotated-276|-10,-111;-18,-108;-25,-103;-31,-96;-101,1;-105,8;-108,17;-109,26;-107,35;-104,43;-99,50;-92,56;-24,105;-17,109;-8,112;1,113;10,111;18,108;25,103;31,96;101,-1;105,-8;108,-17;109,-26;107,-35;104,-43;99,-50;92,-56;24,-105;17,-109;8,-112;-1,-113
rotated-277|35,-63;30,-60;-63,26;-67,33;-68,39;-67,44;-64,49;-48,66;-41,70;-35,71;-30,70;-25,67;68,-19;72,-26;73,-32;72,-37;69,-42;53,-59;46,-63;40,-64
rotated-278|2147,1989;1934,2027;1925,2030;1920,2035;1917,2041;1915,2047;1915,2054;1921,2087;1924,2096;1929,2101;1935,2104;1941,2106;1948,2106;2161,2068;2170,2065;2175,2060;2178,2054;2180,2048;2180,2041;2174,2008;2171,1999;2166,1994;2160,1991;2154,1989
rotated-279|4082,4062;4066,4073;4063,4078;4062,4082;4064,4087;4083,4115;4084,4116;4088,4118;4093,4119;4097,4117;4113,4106;4116,4101;4117,4097;4115,4092;4096,4064;4095,4063;4091,4061;4086,4060
rotated-280|110,-272;97,-269;86,-265;75,-259;65,-251;-255,49;-261,55;-268,66;-274,77;-277,89;-279,101;-279,113;-276,125;-272,137;-266,148;-258,158;-174,248;-167,254;-157,261;-146,267;-134,270;-122,272;-110,272;-97,269;-86,265;-75,259;-65,251;255,-49;261,-55;268,-66;274,-77;277,-89;279,-101;279,-113;276,-125;272,-137;266,-148;258,-158;174,-248;167,-254;157,-261;146,-267;134,-270;122,-272
rotated-281|-36,-38;-39,-36;-45,-29;-47,-25;-47,-21;-44,-18;35,44;38,45;41,45;44,43;50,36;52,32;52,28;49,25;-30,-37;-33,-38
rotated-282|1851,1837;1841,1840;1833,1845;1825,1852;1819,1860;1780,1922;1776,1930;1773,1940;1772,1950;1773,1960;1776,1970;1781,1978;1788,1986;1796,1992;2206,2251;2214,2255;2224,2258;2234,2259;2244,2258;2254,2255;2262,2250;2270,2243;2276,2235;2315,2173;2319,2165;2322,2155;2323,2145;2322,2135;2319,2125;2314,2117;2307,2109;2299,2103;1889,1844;1881,1840;1871,1837;1861,1836
rotated-283|3840,4072;3834,4073;3829,4076;3825,4081;3823,4086;3822,4093;3824,4118;3825,4122;3828,4128;3832,4132;3838,4134;3844,4135;4339,4107;4345,4106;4350,4103;4354,4098;4356,4093;4357,4086;4355,4061;4354,4057;4351,4051;4347,4047;4341,4045;4335,4044
rotated-284|-95,-117;-104,-114;-113,-109;-120,-103;-126,-95;-130,-86;-156,-9;-157,-3;-158,7;-157,16;-154,25;-149,34;-143,41;-135,47;-126,51;70,116;76,117;85,118;95,117;104,114;113,109;120,103;126,95;130,86;156,9;157,3;158,-7;157,-16;154,-25;149,-34;143,-41;135,-47;126,-51;-70,-116;-76,-117;-85,-118
rotated-285|-13,-104;-21,-102;-27,-98;-33,-93;-37,-86;-39,-79;-60,72;-60,80;-58,87;-54,94;-49,99;-42,103;-35,105;11,111;18,111;26,109;32,105;38,100;42,93;44,86;65,-65;65,-73;63,-80;59,-87;54,-92;47,-96;40,-98;-6,-104
rotated-286|1975,1817;1967,1819;1928,1837;1921,1842;1916,1848;1912,1855;1911,1862;1911,1870;1913,1878;2087,2261;2092,2268;2098,2273;2105,2277;2113,2278;2120,2278;2128,2276;2167,2258;2174,2253;2179,2247;2183,2240;2184,2233;2184,2225;2182,2217;2008,1834;2003,1827;1997,1822;1990,1818;1982,1817
rotated-287|4100,4037;4094,4039;4043,4070;4038,4074;4035,4079;4033,4085;4034,4092;4036,4097;4058,4133;4062,4138;4067,4141;4073,4143;4079,4142;4085,4140;4136,4109;4141,4105;4144,4100;4146,4094;4145,4087;4143,4082;4121,4046;4117,4041;4112,4038;4106,4036
rotated-288|-63,-106;-72,-104;-80,-100;-87,-94;-93,-87;-97,-79;-125,-3;-128,9;-127,18;-125,27;-121,35;-115,42;-108,48;-100,52;42,104;54,107;63,106;72,104;80,100;87,94;93,87;97,79;125,3;128,-9;127,-18;125,-27;121,-35;115,-42;108,-48;100,-52;-42,-104;-54,-107
rotated-289|32,-93;24,-91;-75,-54;-82,-50;-89,-45;-95,-38;-98,-30;-100,-22;-100,-13;-98,-5;-68,75;-65,82;-59,89;-52,94;-44,98;-36,100;-27,100;-19,98;80,61;87,57;94,52;100,45;103,37;105,29;105,20;103,12;73,-68;70,-75;64,-82;57,-87;49,-91;41,-93
rotated-290|1972,1843;1966,1846;1937,1861;1929,1867;1926,1872;1924,1879;1924,1886;1926,1893;2096,2239;2098,2242;2103,2247;2109,2250;2116,2252;2123,2252;2129,2249;2158,2234;2166,2228;2169,2223;2171,2216;2171,2209;2169,2202;1999,1856;1997,1853;1992,1848;1986,1845;1979,1843
rotated-291|4087,3906;4082,3908;4079,3912;4078,3917;4057,4259;4058,4264;4060,4269;4064,4272;4069,4273;4087,4274;4092,4273;4097,4271;4100,4267;4101,4262;4122,3920;4121,3915;4119,3910;4115,3907;4110,3906;4092,3905
rotated-292|-168,-205;-179,-203;-189,-199;-198,-193;-206,-185;-212,-177;-257,-101;-263,-86;-265,-75;-265,-65;-263,-54;-259,-44;-253,-35;-245,-27;-237,-21;132,197;147,203;158,205;168,205;179,203;189,199;198,193;206,185;212,177;257,101;263,86;265,75;265,65;263,54;259,44;253,35;245,27;237,21;-132,-197;-147,-203;-158,-205
rotated-293|7,-84;1,-82;-4,-77;-7,-72;-54,55;-55,61;-54,67;-52,73;-47,78;-42,81;-14,91;-8,92;-2,91;4,89;9,84;12,79;59,-48;60,-54;59,-60;57,-66;52,-71;47,-74;19,-84;13,-85
rotated-294|1865,1865;1856,1867;1848,1870;1841,1876;1836,1883;1808,1929;1805,1935;1803,1944;1803,1953;1804,1961;1808,1969;1814,1976;1820,1982;2205,2225;2213,2228;2222,2230;2230,2230;2239,2228;2247,2225;2254,2219;2259,2212;2287,2166;2290,2160;2292,2151;2292,2142;2291,2134;2287,2126;2281,2119;2275,2113;1890,1870;1882,1867;1873,1865
rotated-295|4153,3995;4149,3998;3999,4150;3996,4154;3995,4159;3996,4164;3999,4168;4012,4181;4016,4184;4021,4185;4026,4184;4030,4181;4180,4029;4183,4025;4184,4020;4183,4015;4180,4011;4167,3998;4163,3995;4158,3994
rotated-296|-47,-111;-56,-108;-64,-103;-71,-97;-76,-89;-80,-81;-111,24;-112,37;-111,47;-108,56;-103,64;-97,71;-89,76;-81,80;24,111;37,112;47,111;56,108;64,103;71,97;76,89;80,81;111,-24;112,-37;111,-47;108,-56;103,-64;97,-71;89,-76;81,-80;-24,-111;-37,-112
rotated-297|-56,-129;-65,-126;-74,-120;-82,-114;-88,-105;-92,-96;-134,18;-137,28;-138,38;-136,49;-133,58;-127,67;-121,75;-112,81;-103,85;30,134;40,137;50,138;61,136;70,133;79,127;87,121;93,112;97,103;139,-11;142,-21;143,-31;141,-42;138,-51;132,-60;126,-68;117,-74;108,-78;-25,-127;-35,-130;-45,-131
rotated-298|2181,1950;1890,1997;1879,2000;1871,2005;1865,2011;1859,2019;1856,2027;1854,2036;1855,2046;1865,2110;1868,2121;1873,2129;1879,2136;1887,2141;1895,2144;1905,2146;1914,2145;2205,2098;2216,2095;2224,2090;2230,2084;2236,2076;2239,2068;2241,2059;2240,2049;2230,1985;2227,1974;2222,1966;2216,1959;2208,1954;2200,1951;2190,1949
rotated-299|4047,3981;4039,3984;4031,3988;4024,3994;4019,4002;4016,4010;4015,4019;4010,4155;4010,4163;4013,4171;4017,4179;4023,4186;4030,4191;4039,4194;4047,4195;4123,4198;4132,4198;4140,4195;4148,4191;4155,4185;4160,4177;4163,4169;4164,4160;4169,4024;4169,4016;4166,4008;4162,4000;4156,3993;4149,3988;4140,3985;4132,3984;4056,3981
rotated-300|89,-272;78,-271;67,-267;57,-262;48,-255;41,-246;-220,118;-224,125;-229,135;-231,146;-232,157;-230,168;-227,179;-221,189;-214,197;-206,205;-129,261;-111,270;-100,272;-89,272;-78,271;-67,267;-57,262;-48,255;-41,246;220,-118;224,-125;229,-135;231,-146;232,-157;230,-168;227,-179;221,-189;214,-197;206,-205;129,-261;111,-270;100,-272
rotated-301|74,-180;64,-176;54,-171;-179,-12;-185,-7;-193,1;-199,10;-203,21;-205,32;-206,43;-204,54;-200,64;-195,74;-135,162;-130,168;-122,176;-113,182;-102,186;-91,188;-80,189;-69,187;-59,183;-49,178;184,19;190,14;198,6;204,-3;208,-14;210,-25;211,-36;209,-47;205,-57;200,-67;140,-155;135,-161;127,-169;118,-175;107,-179;96,-181;85,-182
rotated-302|1911,1925;1901,1928;1892,1932;1884,1938;1877,1945;1872,1954;1869,1963;1850,2042;1849,2051;1849,2061;1852,2071;1856,2080;1862,2088;1869,2095;1878,2100;1887,2103;2165,2169;2174,2170;2184,2170;2194,2167;2203,2163;2211,2157;2218,2150;2223,2141;2226,2132;2245,2053;2246,2044;2246,2034;2243,2024;2239,2015;2233,2007;2226,2000;2217,1995;2208,1992;1930,1926;1921,1925
rotated-303|4051,4029;4044,4032;4039,4037;4036,4043;4018,4086;4017,4089;4016,4096;4017,4103;4020,4109;4025,4114;4031,4117;4112,4149;4122,4151;4128,4150;4135,4147;4140,4142;4143,4136;4161,4093;4162,4090;4163,4083;4162,4076;4159,4070;4154,4065;4148,4062;4067,4030;4057,4028
rotated-304|-74,-208;-80,-206;-81,-205;-83,-202;-83,-199;67,205;70,208;74,208;80,206;81,205;83,202;83,199;-67,-205;-70,-208
rotated-305|7,-41;-33,-24;-36,-22;-40,-18;-43,-13;-44,-7;-42,-1;-25,39;-23,42;-19,46;-14,49;-8,50;-2,48;38,31;41,29;45,25;48,20;49,14;47,8;30,-32;28,-35;24,-39;19,-42;13,-43
rotated-306|2097,2014;1988,2055;1984,2058;1983,2062;1983,2066;1987,2076;1990,2080;1994,2081;1998,2081;2107,2040;2111,2037;2112,2033;2112,2029;2108,2019;2105,2015;2101,2014
rotated-307|4054,3935;4044,3938;4035,3942;4026,3948;4019,3956;4014,3964;4010,3974;3963,4150;3961,4162;3962,4172;3965,4182;3969,4192;3975,4200;3983,4207;3992,4212;4001,4216;4103,4243;4115,4245;4125,4244;4135,4241;4144,4237;4153,4231;4160,4223;4165,4215;4169,4205;4216,4029;4218,4017;4217,4007;4214,3997;4210,3987;4204,3979;4196,3972;4187,3967;4178,3963;4076,3936;4064,3934
rotated-308|-60,-116;-68,-112;-76,-106;-83,-99;-88,-91;-127,-6;-128,-1;-130,8;-131,18;-129,27;-125,36;-119,43;-112,50;-104,55;27,114;41,117;50,118;60,116;68,112;76,106;83,99;88,91;127,6;128,1;130,-8;131,-18;129,-27;125,-36;119,-43;112,-50;104,-55;-27,-114;-41,-117;-50,-118
rotated-309|-83,-85;-91,-82;-97,-77;-103,-71;-106,-63;-124,-11;-126,1;-125,9;-122,17;-117,23;-111,29;-103,32;68,91;72,92;80,93;88,92;96,89;103,84;108,77;111,70;129,17;131,5;130,-3;127,-11;122,-18;115,-23;108,-26;-63,-84;-75,-86
rotated-310|2056,1929;2049,1931;2043,1934;2038,1940;2035,1946;1976,2121;1975,2125;1975,2132;1977,2139;1980,2145;1986,2150;1992,2153;2028,2165;2032,2166;2039,2166;2046,2164;2052,2161;2057,2155;2060,2149;2119,1974;2120,1970;2120,1963;2118,1956;2115,1950;2109,1945;2103,1942;2067,1930;2063,1929
rotated-311|4099,4007;4038,4024;4030,4028;4024,4032;4019,4039;4017,4046;4016,4054;4017,4061;4043,4151;4046,4159;4051,4165;4058,4169;4065,4172;4072,4173;4080,4172;4141,4155;4149,4151;4155,4147;4160,4140;4162,4133;4163,4125;4162,4118;4136,4028;4133,4020;4128,4014;4121,4010;4114,4007;4107,4006
rotated-312|181,-41;-184,18;-187,19;-189,22;-190,26;-189,35;-188,38;-185,41;-181,41;184,-18;187,-19;189,-22;190,-26;189,-35;188,-38;185,-41
rotated-313|182,-28;-180,2;-182,2;-186,5;-189,8;-189,13;-188,26;-188,28;-185,32;-182,35;-177,35;185,5;187,5;191,2;194,-1;194,-6;193,-19;193,-21;190,-25;187,-28
rotated-314|2005,1881;1995,1883;1986,1887;1978,1893;1971,1900;1966,1908;1962,1918;1960,1928;1945,2155;1946,2164;1948,2173;1952,2183;1957,2191;1965,2198;1973,2203;1983,2207;1993,2209;2081,2215;2090,2214;2100,2212;2109,2208;2117,2202;2124,2195;2129,2187;2133,2177;2135,2167;2150,1940;2149,1931;2147,1922;2143,1912;2138,1904;2130,1897;2122,1892;2112,1888;2102,1886;2014,1880
rotated-315|4259,3915;4249,3916;4239,3919;3863,4089;3853,4095;3845,4102;3839,4110;3835,4120;3832,4130;3832,4140;3833,4150;3836,4160;3869,4233;3875,4243;3882,4251;3890,4257;3900,4261;3910,4264;3920,4264;3930,4263;3940,4260;4316,4090;4326,4084;4334,4077;4340,4069;4344,4059;4347,4049;4347,4039;4346,4029;4343,4019;4310,3946;4304,3936;4297,3928;4289,3922;4279,3918;4269,3915
rotated-316|-133,-217;-145,-214;-156,-209;-165,-202;-174,-193;-181,-184;-244,-82;-251,-67;-254,-55;-255,-43;-254,-31;-251,-20;-246,-9;-239,1;-231,10;-221,17;82,207;98,214;109,217;121,218;133,217;145,214;156,209;165,202;174,193;181,184;244,82;251,67;254,55;255,43;254,31;251,20;246,9;239,-1;231,-10;221,-17;-82,-207;-98,-214;-109,-217;-121,-218
rotated-317|72,-121;-87,-107;-100,-104;-110,-100;-118,-94;-126,-86;-131,-77;-135,-67;-138,-57;-138,-46;-128,77;-125,90;-120,100;-114,109;-107,116;-98,122;-88,126;-78,128;-67,128;92,114;105,111;115,107;123,101;131,93;136,84;140,74;143,64;143,53;133,-70;130,-83;125,-93;119,-102;112,-109;103,-115;93,-119;83,-121
rotated-318|2102,1997;1979,2077;1976,2080;1975,2084;1983,2096;1986,2099;1990,2100;1993,2098;2116,2018;2119,2015;2120,2011;2112,1999;2109,1996;2105,1995
rotated-319|4084,3853;4044,3857;4036,3859;4029,3862;4024,3868;4020,3874;4018,3882;4018,3889;4063,4300;4065,4308;4068,4314;4073,4320;4080,4324;4087,4326;4095,4326;4135,4322;4143,4320;4150,4317;4155,4311;4159,4305;4161,4297;4161,4290;4116,3879;4114,3871;4111,3865;4106,3859;4099,3855;4092,3853
rotated-320|-188,-196;-199,-195;-209,-192;-219,-187;-227,-180;-234,-172;-240,-163;-277,-85;-282,-70;-282,-59;-281,-49;-278,-38;-273,-29;-267,-20;-259,-13;-249,-7;162,191;167,193;177,196;188,196;199,195;209,192;219,187;227,180;234,172;240,163;277,85;282,70;282,59;281,49;278,38;273,29;267,20;259,13;249,7;-162,-191;-167,-193;-177,-196
rotated-321|-160,-115;-170,-111;-178,-105;-186,-98;-192,-90;-197,-80;-199,-70;-212,16;-213,29;-211,39;-207,49;-201,58;-194,65;-186,71;-176,76;-166,78;142,123;155,124;165,122;175,118;183,112;191,105;197,97;202,87;204,77;217,-9;218,-22;216,-32;212,-42;206,-51;199,-58;191,-64;181,-69;171,-71;-137,-116;-150,-117
rotated-322|2082,1963;2076,1965;2071,1969;1971,2073;1967,2079;1965,2085;1965,2092;1967,2098;1971,2103;1994,2126;2000,2130;2007,2132;2013,2132;2019,2130;2024,2126;2124,2022;2128,2016;2130,2010;2130,2003;2128,1997;2124,1992;2101,1969;2095,1965;2088,1963
rotated-323|4118,4018;4113,4021;4019,4105;4015,4110;4013,4116;4012,4122;4014,4128;4017,4133;4038,4156;4043,4160;4049,4162;4055,4163;4061,4161;4066,4158;4160,4074;4164,4069;4166,4063;4167,4057;4165,4051;4162,4046;4141,4023;4136,4019;4130,4017;4124,4016
rotated-324|136,-108;129,-107;-167,8;-175,13;-180,18;-184,25;-186,33;-186,41;-185,48;-169,89;-164,97;-159,102;-152,106;-144,108;-136,108;-129,107;167,-8;175,-13;180,-18;184,-25;186,-33;186,-41;185,-48;169,-89;164,-97;159,-102;152,-106;144,-108
rotated-325|93,-126;-119,-97;-125,-96;-136,-93;-145,-87;-154,-80;-161,-72;-166,-62;-169,-52;-171,-41;-170,-30;-155,82;-154,89;-151,99;-145,108;-138,117;-130,124;-120,129;-110,132;-99,134;-88,133;124,104;130,103;141,100;150,94;159,87;166,79;171,69;174,59;176,48;175,37;160,-75;159,-82;156,-92;150,-101;143,-110;135,-117;125,-122;115,-125;104,-127
rotated-326|1939,2019;1936,2021;1935,2026;1933,2039;1934,2045;1937,2048;1941,2050;2150,2078;2156,2076;2159,2074;2160,2069;2162,2056;2161,2050;2158,2047;2154,2045;1945,2017
rotated-327|4105,4051;4053,4070;4046,4075;4043,4080;4043,4085;4044,4091;4055,4119;4059,4125;4063,4127;4069,4128;4074,4128;4126,4109;4133,4104;4136,4099;4136,4094;4135,4088;4124,4060;4120,4054;4116,4052;4110,4051
rotated-328|-3,-109;-11,-107;-19,-103;-87,-58;-93,-53;-99,-46;-102,-38;-104,-30;-104,-21;-102,-13;-98,-5;-34,92;-29,98;-22,104;-14,107;-6,109;3,109;11,107;19,103;87,58;93,53;99,46;102,38;104,30;104,21;102,13;98,5;34,-92;29,-98;22,-104;14,-107;6,-109
rotated-329|-23,-5;-24,-2;-25,5;-25,8;-23,10;-20,11;24,13;28,12;29,9;30,1;30,-2;28,-4;25,-5;-19,-6
rotated-330|2077,1853;2069,1856;2062,1861;2056,1867;2052,1874;1929,2173;1927,2178;1926,2187;1927,2195;1930,2203;1935,2210;1941,2216;1948,2220;1996,2240;2002,2242;2010,2243;2018,2242;2026,2239;2033,2234;2039,2228;2043,2221;2166,1922;2168,1917;2169,1908;2168,1900;2165,1892;2160,1885;2154,1879;2147,1875;2099,1855;2093,1853;2085,1852
rotated-331|4037,4043;4031,4046;4026,4051;4023,4057;4021,4063;4018,4104;4019,4113;4022,4119;4027,4124;4032,4127;4039,4129;4133,4137;4142,4136;4148,4133;4153,4128;4156,4122;4158,4116;4161,4075;4160,4066;4157,4060;4152,4055;4147,4052;4140,4050;4046,4042
rotated-332|-58,-217;-67,-216;-76,-212;-134,-181;-144,-173;-150,-166;-155,-158;-157,-148;-157,-139;-156,-130;-152,-121;16,194;24,205;31,210;39,215;49,217;58,217;67,216;76,212;134,181;144,173;150,166;155,158;157,148;157,139;156,130;152,121;-16,-194;-24,-205;-31,-210;-39,-215;-49,-217
rotated-333|-49,-293;-59,-290;-135,-263;-147,-257;-156,-251;-162,-243;-167,-233;-171,-223;-172,-213;-172,-203;-169,-192;-6,264;0,275;6,283;14,290;23,295;33,299;44,300;54,300;64,297;140,270;152,264;161,258;167,250;172,240;176,230;177,220;177,210;174,199;11,-257;5,-268;-1,-276;-9,-283;-18,-288;-28,-292;-39,-293
rotated-334|1984,1909;1974,1912;1965,1917;1956,1923;1949,1930;1944,1939;1940,1949;1938,1959;1925,2117;1926,2131;1928,2141;1933,2151;1939,2159;1947,2166;1956,2172;1966,2175;1976,2177;2098,2186;2111,2186;2121,2183;2130,2178;2139,2172;2146,2165;2151,2156;2155,2146;2157,2136;2170,1978;2169,1964;2167,1954;2162,1944;2156,1936;2148,1929;2139,1923;2129,1920;2119,1918;1997,1909
rotated-335|4063,3986;4055,3989;4048,3993;4042,3999;4037,4006;4035,4014;4010,4138;4009,4143;4009,4151;4012,4159;4016,4167;4022,4172;4029,4177;4037,4179;4103,4192;4108,4193;4116,4193;4124,4190;4131,4186;4137,4180;4142,4173;4144,4165;4169,4041;4170,4036;4170,4028;4167,4020;4163,4012;4157,4007;4150,4002;4142,4000;4076,3987;4071,3986
rotated-336|103,-129;94,-127;-158,-14;-168,-7;-175,0;-179,8;-182,17;-183,26;-182,35;-179,44;-151,105;-145,115;-138,121;-130,126;-122,129;-112,130;-103,129;-94,127;158,14;168,7;175,0;179,-8;182,-17;183,-26;182,-35;179,-44;151,-105;145,-115;138,-121;130,-126;122,-129;112,-130
rotated-337|2,-219;-8,-217;-17,-213;-25,-207;-32,-200;-37,-192;-40,-183;-121,148;-122,155;-122,165;-120,175;-116,184;-111,192;-95,204;-86,207;-14,225;-6,226;3,226;13,224;22,220;30,214;37,207;42,199;45,190;126,-141;127,-148;127,-158;125,-168;121,-177;116,-185;100,-197;91,-200;19,-218;11,-219
rotated-338|1947,1817;1940,1820;1905,1840;1899,1845;1894,1851;1891,1858;1890,1866;1891,1874;1894,1881;2114,2264;2119,2270;2125,2275;2132,2278;2140,2279;2148,2278;2155,2275;2190,2255;2196,2250;2201,2244;2204,2237;2205,2229;2204,2221;2201,2214;1981,1831;1976,1825;1970,1820;1963,1817;1955,1816
rotated-339|4013,4005;4005,4007;3998,4011;3992,4017;3987,4023;3984,4031;3969,4090;3968,4095;3968,4104;3970,4112;3974,4119;3980,4125;3986,4130;3994,4133;4152,4173;4157,4174;4166,4174;4174,4172;4181,4168;4187,4162;4192,4156;4195,4148;4210,4089;4211,4084;4211,4075;4209,4067;4205,4060;4199,4054;4193,4049;4185,4046;4027,4006;4022,4005
rotated-340|-144,-163;-150,-161;-155,-157;-173,-137;-176,-132;-178,-126;-177,-120;-175,-114;-171,-109;127,159;132,162;138,164;144,163;150,161;155,157;173,137;176,132;178,126;177,120;175,114;171,109;-127,-159;-132,-162;-138,-164
rotated-341|-43,-223;-52,-220;-115,-194;-120,-192;-128,-187;-134,-180;-139,-172;-143,-163;-144,-153;-143,-144;-140,-135;-2,202;0,207;5,215;12,221;20,226;29,230;39,231;48,230;57,227;120,201;125,199;133,194;139,187;144,179;148,170;149,160;148,151;145,142;7,-195;5,-200;0,-208;-7,-214;-15,-219;-24,-223;-34,-224
rotated-342|2024,1808;2016,1810;2011,1813;2006,1818;2004,1824;2003,1831;2018,2267;2020,2275;2023,2280;2028,2285;2034,2287;2041,2288;2071,2287;2079,2285;2084,2282;2089,2277;2091,2271;2092,2264;2077,1828;2075,1820;2072,1815;2067,1810;2061,1808;2054,1807
rotated-343|4110,3869;4103,3872;4097,3877;4093,3883;4090,3889;3998,4267;3997,4274;3998,4281;4001,4288;4006,4294;4012,4298;4018,4301;4055,4310;4062,4311;4069,4310;4076,4307;4082,4302;4086,4296;4089,4290;4181,3912;4182,3905;4181,3898;4178,3891;4173,3885;4167,3881;4161,3878;4124,3869;4117,3868
rotated-344|82,-156;74,-154;66,-151;60,-146;-143,67;-149,77;-152,84;-152,93;-150,101;-147,108;-142,114;-107,147;-97,153;-90,156;-82,156;-74,154;-66,151;-60,146;143,-67;149,-77;152,-84;152,-93;150,-101;147,-108;142,-114;107,-147;97,-153;90,-156
rotated-345|-24,-70;-29,-67;-54,-49;-58,-45;-61,-39;-63,-33;-62,-27;-59,-22;7,69;11,73;17,76;23,78;29,77;34,74;59,56;63,52;66,46;68,40;67,34;64,29;-2,-62;-6,-66;-12,-69;-18,-71
rotated-346|2112,1875;2110,1877;1971,2212;1971,2217;1980,2220;1983,2220;1985,2218;2124,1883;2124,1878;2115,1875
rotated-347|4128,3903;4117,3906;4107,3911;4097,3918;3919,4068;3912,4075;3906,4084;3901,4094;3898,4105;3897,4116;3897,4128;3900,4139;3905,4149;3911,4158;3990,4253;3998,4261;4007,4268;4017,4272;4028,4275;4040,4276;4051,4276;4062,4273;4072,4268;4082,4261;4260,4111;4267,4104;4273,4095;4278,4085;4281,4074;4282,4063;4282,4051;4279,4040;4274,4030;4268,4021;4189,3926;4181,3918;4172,3911;4162,3907;4151,3904;4139,3903
rotated-348|-8,-160;-17,-157;-26,-153;-34,-147;-41,-139;-45,-131;-126,55;-129,63;-131,72;-130,82;-128,92;-123,101;-117,109;-110,115;-101,120;-20,156;-12,159;-2,161;8,160;17,157;26,153;34,147;41,139;45,131;126,-55;129,-63;131,-72;130,-82;128,-92;123,-101;117,-109;110,-115;101,-120;20,-156;12,-159;2,-161
rotated-349|-8,-26;-12,-24;-15,-20;-16,-16;-15,23;-13,29;-9,32;-5,33;13,33;17,31;20,27;21,23;20,-16;18,-22;14,-25;10,-26
rotated-350|1878,2018;1873,2021;1870,2026;1869,2031;1868,2051;1869,2058;1873,2063;1877,2066;1882,2067;2210,2078;2217,2077;2222,2074;2225,2069;2226,2064;2227,2044;2226,2037;2222,2032;2218,2029;2213,2028;1885,2017
rotated-351|4010,3894;3996,3900;3993,3902;3990,3905;3989,3910;3990,3915;4155,4280;4156,4282;4160,4285;4165,4286;4169,4285;4183,4279;4186,4277;4189,4274;4190,4269;4189,4264;4024,3899;4023,3897;4019,3894;4014,3893
rotated-352|-98,-225;-108,-222;-118,-217;-127,-210;-195,-148;-205,-136;-210,-127;-213,-116;-214,-106;-213,-95;-210,-84;-205,-75;-199,-66;43,206;47,211;56,217;66,222;76,225;87,226;98,225;108,222;118,217;127,210;195,148;205,136;210,127;213,116;214,106;213,95;210,84;205,75;199,66;-43,-206;-47,-211;-56,-217;-66,-222;-76,-225;-87,-226
rotated-353|21,-76;-51,-58;-59,-54;-66,-49;-70,-43;-73,-35;-74,-28;-74,-20;-55,59;-51,69;-46,75;-39,79;-32,82;-24,83;-16,83;56,65;64,61;71,56;75,50;78,42;79,35;79,27;60,-52;56,-62;51,-68;44,-72;37,-75;29,-76
rotated-354|2032,1932;2026,1935;2021,1939;2018,1945;2016,1951;2003,2138;2004,2146;2007,2152;2011,2157;2017,2160;2024,2162;2056,2164;2063,2163;2069,2160;2074,2156;2077,2150;2079,2144;2092,1957;2091,1949;2088,1943;2084,1938;2078,1935;2071,1933;2039,1931
rotated-355|4024,4039;4019,4043;4014,4048;4012,4054;4004,4088;4004,4096;4005,4102;4009,4108;4014,4112;4020,4114;4141,4141;4149,4142;4155,4140;4160,4136;4165,4131;4167,4125;4175,4091;4175,4083;4174,4077;4170,4071;4165,4067;4159,4065;4038,4038;4030,4037
rotated-356|37,-47;35,-46;-42,40;-43,43;-42,45;-39,47;-37,47;-35,46;42,-40;43,-43;42,-45;39,-47
rotated-357|-63,-156;-69,-153;-100,-134;-104,-131;-108,-126;-111,-120;-113,-113;-112,-106;-109,-99;39,151;42,155;47,160;54,163;61,164;68,163;74,160;105,141;109,138;113,133;116,127;118,120;117,113;114,106;-34,-144;-37,-148;-42,-153;-49,-156;-56,-157
rotated-358|2042,1923;2033,1925;2024,1928;2016,1934;2010,1941;1934,2045;1928,2057;1926,2066;1926,2075;1928,2084;1931,2093;1937,2101;1944,2107;2023,2164;2034,2170;2044,2172;2053,2172;2062,2170;2071,2167;2079,2161;2085,2154;2161,2050;2167,2038;2169,2029;2169,2020;2167,2011;2164,2002;2158,1994;2151,1988;2072,1931;2061,1925;2051,1923
rotated-359|4145,3878;4134,3880;4123,3884;4113,3890;4105,3898;3899,4114;3892,4123;3886,4133;3883,4143;3881,4155;3881,4166;3883,4177;3888,4188;3893,4198;3901,4206;3982,4283;3991,4290;4001,4296;4011,4299;4023,4301;4034,4301;4045,4299;4056,4295;4066,4289;4074,4281;4280,4065;4287,4056;4293,4046;4296,4036;4298,4024;4298,4013;4296,4002;4291,3991;4286,3981;4278,3973;4197,3896;4188,3889;4178,3883;4168,3880;4156,3878
rotated-360|2,-179;-64,-167;-75,-163;-83,-158;-90,-151;-95,-144;-98,-135;-100,-126;-99,-116;-53,144;-49,155;-44,163;-37,170;-29,175;-21,178;-12,180;-2,179;64,167;75,163;83,158;90,151;95,144;98,135;100,126;99,116;53,-144;49,-155;44,-163;37,-170;29,-175;21,-178;12,-180
rotated-361|51,-38;-46,-37;-54,-36;-60,-33;-65,-28;-67,-22;-68,-15;-68,23;-67,31;-63,37;-58,42;-52,45;-46,45;51,44;59,43;65,40;70,35;72,29;73,22;73,-16;72,-24;68,-30;63,-35;57,-38
rotated-362|2052,1990;2048,1992;2047,1995;2024,2094;2024,2099;2026,2102;2030,2103;2040,2105;2043,2105;2047,2103;2048,2100;2071,2001;2071,1996;2069,1993;2065,1992;2055,1990
rotated-363|3993,3810;3982,3813;3970,3818;3960,3824;3864,3898;3858,3904;3850,3913;3843,3923;3838,3935;3836,3947;3835,3959;3836,3971;3839,3983;3844,3994;3851,4004;4114,4341;4118,4347;4128,4355;4138,4362;4149,4366;4161,4369;4173,4370;4186,4369;4197,4366;4209,4361;4219,4355;4315,4281;4321,4275;4329,4266;4336,4256;4341,4244;4343,4232;4344,4220;4343,4208;4340,4196;4335,4185;4328,4175;4065,3838;4061,3832;4051,3824;4041,3817;4030,3813;4018,3810;4006,3809
rotated-364|19,-116;-77,-89;-89,-83;-97,-77;-103,-70;-107,-62;-109,-52;-110,-43;-108,-34;-74,85;-68,97;-63,105;-55,111;-47,115;-38,117;-28,118;-19,116;77,89;89,83;97,77;103,70;107,62;109,52;110,43;108,34;74,-85;68,-97;63,-105;55,-111;47,-115;38,-117;28,-118
rotated-365|44,-84;36,-83;-72,-52;-78,-50;-85,-45;-91,-39;-95,-32;-98,-24;-98,-15;-97,-7;-76,65;-74,71;-69,78;-63,84;-56,88;-48,91;-39,91;-31,90;77,59;83,57;90,52;96,46;100,39;103,31;103,22;102,14;81,-58;79,-64;74,-71;68,-77;61,-81;53,-84
rotated-366|1943,1995;1936,1997;1930,2002;1925,2008;1922,2015;1921,2022;1920,2067;1921,2075;1923,2082;1928,2088;1934,2093;1941,2096;1948,2097;2144,2101;2152,2100;2159,2098;2165,2093;2170,2087;2173,2080;2174,2073;2175,2028;2174,2020;2172,2013;2167,2007;2161,2002;2154,1999;2147,1998;1951,1994
rotated-367|4074,4067;4071,4070;4064,4080;4062,4084;4063,4087;4066,4090;4098,4111;4101,4113;4105,4112;4108,4109;4115,4099;4117,4095;4116,4092;4113,4089;4081,4068;4078,4066
rotated-368|-95,-82;-98,-80;-105,-71;-107,-66;-106,-63;-104,-59;87,82;91,83;95,82;98,80;105,71;107,66;106,63;104,59;-87,-82;-91,-83
rotated-369|-156,-181;-168,-179;-178,-175;-188,-168;-196,-161;-203,-152;-209,-141;-250,-43;-253,-32;-255,-21;-254,-9;-252,2;-247,13;-241,22;-233,31;-224,38;-214,43;128,184;139,187;150,189;161,188;173,186;183,182;193,175;201,168;208,159;214,148;255,50;258,39;260,28;259,16;257,5;252,-6;246,-15;238,-24;229,-31;219,-36;-123,-177;-134,-180;-145,-182
rotated-370|2028,1883;2018,1887;2008,1892;1916,1955;1906,1964;1900,1973;1895,1982;1893,1992;1892,2003;1893,2013;1897,2023;1902,2033;2009,2189;2018,2199;2027,2205;2036,2210;2046,2212;2057,2213;2067,2212;2077,2208;2087,2203;2179,2140;2189,2131;2195,2122;2200,2113;2202,2103;2203,2092;2202,2082;2198,2072;2193,2062;2086,1906;2077,1896;2068,1890;2059,1885;2049,1883;2038,1882
rotated-371|4085,4007;4078,4010;4028,4038;4023,4042;4018,4048;4015,4055;4014,4062;4014,4070;4017,4077;4062,4158;4066,4163;4072,4168;4079,4171;4086,4172;4094,4172;4101,4169;4151,4141;4156,4137;4161,4131;4164,4124;4165,4117;4165,4109;4162,4102;4117,4021;4113,4016;4107,4011;4100,4008;4093,4007
rotated-372|174,-227;163,-224;152,-220;-266,-7;-280,2;-288,11;-295,20;-301,31;-304,43;-305,55;-305,66;-302,78;-298,89;-248,188;-238,202;-230,211;-210,223;-198,226;-186,227;-174,227;-163,224;-152,220;266,7;280,-2;288,-11;295,-20;301,-31;304,-43;305,-55;305,-66;302,-78;298,-89;248,-188;238,-202;230,-211;210,-223;198,-226;186,-227
rotated-373|71,-152;61,-149;53,-144;-153,9;-165,21;-169,30;-172,39;-173,49;-171,59;-168,68;-163,77;-116,141;-104,153;-95,157;-85,160;-76,161;-66,159;-56,156;-48,151;158,-2;170,-14;174,-23;177,-32;178,-42;176,-52;173,-61;168,-70;121,-134;109,-146;100,-150;90,-153;81,-154
rotated-374|2009,1975;2003,1979;1998,1984;1973,2017;1969,2025;1968,2032;1969,2039;1973,2045;1977,2050;2063,2116;2072,2120;2079,2121;2086,2120;2092,2116;2097,2111;2122,2078;2126,2070;2127,2063;2126,2056;2122,2050;2118,2045;2032,1979;2023,1975;2016,1974
rotated-375|4163,3958;4155,3960;4147,3965;3953,4095;3946,4100;3940,4108;3937,4116;3935,4125;3935,4134;3937,4142;3941,4150;3976,4203;3983,4211;3990,4216;3998,4219;4007,4221;4016,4221;4024,4219;4032,4214;4226,4084;4233,4079;4239,4071;4242,4063;4244,4054;4244,4045;4242,4037;4238,4029;4203,3976;4196,3968;4189,3963;4181,3960;4172,3958
rotated-376|-27,-199;-37,-197;-46,-194;-54,-189;-61,-182;-67,-174;-70,-165;-72,-155;-94,143;-94,148;-93,158;-89,167;-84,175;-77,182;-69,187;-60,191;-51,193;21,199;27,199;37,197;46,194;54,189;61,182;67,174;70,165;72,155;94,-143;94,-148;93,-158;89,-167;84,-175;77,-182;69,-187;60,-191;51,-193;-21,-199
rotated-377|-95,-156;-105,-155;-114,-151;-123,-146;-131,-139;-137,-130;-182,-54;-187,-44;-189,-34;-189,-23;-188,-13;-184,-3;-178,5;-171,13;-163,19;69,156;79,161;89,163;100,163;110,162;119,158;128,153;136,146;142,137;187,61;192,51;194,41;194,30;193,20;189,10;183,2;176,-6;168,-12;-64,-149;-74,-154;-84,-156
rotated-378|2130,1770;2118,1773;2108,1779;2098,1786;2090,1795;1809,2143;1800,2156;1796,2167;1794,2179;1793,2191;1795,2203;1799,2214;1804,2224;1811,2234;1820,2242;1906,2311;1919,2320;1930,2324;1942,2326;1954,2327;1965,2325;1977,2322;1987,2316;1997,2309;2005,2300;2286,1952;2295,1939;2299,1928;2301,1916;2302,1904;2300,1892;2296,1881;2291,1871;2284,1861;2275,1853;2189,1784;2176,1775;2165,1771;2153,1769;2141,1768
rotated-379|3997,3814;3987,3817;3977,3821;3903,3865;3899,3868;3891,3875;3884,3884;3879,3893;3876,3904;3875,3914;3876,3925;3879,3935;3883,3945;4122,4338;4132,4350;4140,4357;4150,4362;4160,4365;4171,4366;4182,4365;4192,4362;4202,4358;4276,4314;4280,4311;4288,4304;4295,4295;4300,4286;4303,4275;4304,4265;4303,4254;4300,4244;4296,4234;4057,3841;4047,3829;4039,3822;4029,3817;4019,3814;4008,3813
rotated-380|5,-248;-7,-247;-18,-244;-28,-239;-37,-232;-45,-224;-52,-214;-57,-204;-172,124;-175,136;-175,147;-174,159;-171,170;-166,180;-159,189;-151,197;-141,204;-131,209;-28,245;-16,248;-5,248;7,247;18,244;28,239;37,232;45,224;52,214;57,204;172,-124;175,-136;175,-147;174,-159;171,-170;166,-180;159,-189;151,-197;141,-204;131,-209;28,-245;16,-248
rotated-381|36,-75;-71,-40;-81,-35;-87,-29;-91,-22;-93,-15;-94,-7;-92,1;-72,61;-67,71;-61,77;-55,81;-47,83;-39,84;-31,82;76,47;86,42;92,36;96,29;98,22;99,14;97,6;77,-54;72,-64;66,-70;60,-74;52,-76;44,-77
rotated-382|2245,1831;2234,1833;2224,1837;1773,2059;1765,2064;1756,2071;1749,2080;1743,2090;1739,2100;1738,2111;1738,2123;1740,2134;1744,2144;1786,2229;1791,2237;1798,2246;1807,2253;1817,2259;1827,2263;1838,2264;1850,2264;1861,2262;1871,2258;2322,2036;2330,2031;2339,2024;2346,2015;2352,2005;2356,1995;2357,1984;2357,1972;2355,1961;2351,1951;2309,1866;2304,1858;2297,1849;2288,1842;2278,1836;2268,1832;2257,1831
rotated-383|3994,3954;3987,3956;3952,3991;3949,3997;3948,4004;3949,4011;3952,4018;3956,4024;4161,4219;4164,4221;4171,4224;4178,4226;4185,4225;4192,4223;4227,4188;4230,4182;4231,4175;4230,4168;4227,4161;4223,4155;4018,3960;4015,3958;4008,3955;4001,3953
rotated-384|-14,-95;-22,-92;-73,-61;-80,-55;-85,-48;-87,-40;-88,-32;-86,-25;-83,-17;-22,82;-16,89;-9,94;-2,96;6,97;14,95;22,92;73,61;80,55;85,48;87,40;88,32;86,25;83,17;22,-82;16,-89;9,-94;2,-96;-6,-97
rotated-385|-44,-194;-53,-191;-62,-186;-70,-180;-77,-173;-82,-164;-85,-154;-86,-144;-92,148;-92,158;-89,168;-84,177;-78,185;-70,191;-61,196;-52,199;-42,200;39,201;49,201;58,198;67,193;75,187;82,180;87,171;90,161;91,151;97,-141;97,-151;94,-161;89,-170;83,-178;75,-184;66,-189;57,-192;47,-193;-34,-194
rotated-386|2056,1731;2043,1734;2032,1738;2021,1744;2011,1752;2002,1761;1995,1772;1990,1783;1836,2215;1833,2226;1832,2238;1832,2251;1835,2263;1839,2275;1845,2286;1853,2296;1862,2304;1873,2311;1884,2317;2003,2360;2014,2363;2027,2364;2039,2364;2052,2361;2063,2357;2074,2351;2084,2343;2093,2334;2100,2323;2105,2312;2259,1880;2262,1869;2263,1857;2263,1844;2260,1832;2256,1820;2250,1809;2242,1799;2233,1791;2222,1784;2211,1778;2092,1735;2081,1732;2068,1731
rotated-387|3913,4008;3904,4010;3896,4015;3889,4021;3884,4028;3881,4036;3879,4045;3875,4105;3876,4115;3878,4124;3883,4132;3889,4139;3896,4144;3904,4147;3913,4149;4256,4172;4266,4171;4275,4169;4283,4164;4290,4158;4295,4151;4298,4143;4300,4134;4304,4074;4303,4064;4301,4055;4296,4047;4290,4040;4283,4035;4275,4032;4266,4030;3923,4007
rotated-388|100,-114;-133,-75;-143,-72;-152,-68;-160,-62;-166,-54;-171,-45;-175,-35;-176,-25;-175,-15;-160,72;-158,81;-153,91;-147,99;-139,105;-130,110;-121,114;-111,115;-100,114;133,75;143,72;152,68;160,62;166,54;171,45;175,35;176,25;175,15;160,-72;158,-81;153,-91;147,-99;139,-105;130,-110;121,-114;111,-115
rotated-389|83,-144;74,-143;66,-140;58,-135;-144,31;-150,37;-155,45;-157,53;-158,62;-157,71;-154,80;-150,87;-111,136;-103,143;-96,148;-87,151;-78,151;-69,150;-61,147;-53,142;149,-24;155,-30;160,-38;162,-46;163,-55;162,-64;159,-73;155,-80;116,-129;108,-136;101,-141;92,-144
rotated-390|2075,2032;2016,2049;2013,2051;2013,2054;2015,2060;2017,2063;2020,2063;2079,2046;2082,2044;2082,2041;2080,2035;2078,2032
rotated-391|4138,4044;4024,4087;4018,4091;4015,4095;4014,4101;4015,4106;4022,4126;4026,4132;4031,4135;4036,4136;4041,4135;4155,4092;4161,4088;4164,4084;4165,4078;4164,4073;4157,4053;4153,4047;4148,4044;4143,4043
rotated-392|-158,-96;-165,-93;-172,-88;-180,-74;-193,-28;-194,-17;-192,-9;-189,-1;-184,5;-177,10;-170,13;139,97;150,98;158,96;165,93;172,88;180,74;193,28;194,17;192,9;189,1;184,-5;177,-10;170,-13;-139,-97;-150,-98
rotated-393|-42,-130;-51,-127;-59,-122;-66,-115;-71,-107;-74,-98;-76,-89;-85,88;-84,100;-81,109;-76,117;-69,124;-61,129;-52,132;-43,134;35,138;47,137;56,134;64,129;71,122;76,114;79,105;81,96;90,-81;89,-93;86,-102;81,-110;74,-117;66,-122;57,-125;48,-127;-30,-131
rotated-394|1990,1779;1980,1781;1914,1807;1907,1811;1899,1817;1892,1824;1887,1833;1884,1842;1883,1852;1884,1862;1886,1871;2051,2286;2055,2293;2061,2301;2068,2307;2076,2312;2086,2316;2096,2317;2105,2316;2115,2314;2181,2288;2188,2284;2196,2278;2203,2271;2208,2262;2211,2253;2212,2243;2211,2233;2209,2224;2044,1809;2040,1802;2034,1794;2027,1788;2019,1783;2009,1779;1999,1778
rotated-395|4229,3969;4220,3970;3917,4058;3905,4063;3898,4069;3892,4077;3887,4085;3885,4094;3885,4104;3886,4113;3904,4178;3910,4190;3916,4198;3923,4204;3932,4208;3941,4210;3950,4210;3959,4209;4262,4121;4274,4116;4281,4110;4287,4102;4292,4094;4294,4085;4294,4075;4293,4066;4275,4001;4269,3989;4263,3981;4256,3975;4247,3971;4238,3969
rotated-396|117,-116;109,-114;-158,-7;-164,-3;-171,2;-176,9;-180,17;-181,25;-181,34;-179,42;-158,93;-155,99;-149,106;-142,111;-135,115;-126,116;-117,116;-109,114;158,7;164,3;171,-2;176,-9;180,-17;181,-25;181,-34;179,-42;158,-93;155,-99;149,-106;142,-111;135,-115;126,-116
rotated-397|-185,-160;-192,-157;-199,-153;-203,-147;-223,-114;-226,-108;-227,-100;-227,-93;-224,-86;-220,-80;-214,-75;169,163;176,166;183,167;190,167;197,164;204,160;208,154;228,121;231,115;232,107;232,100;229,93;225,87;219,82;-164,-156;-171,-159;-178,-160
rotated-398|2159,1949;2152,1951;1907,2070;1900,2076;1896,2082;1894,2089;1894,2096;1896,2102;1910,2132;1916,2140;1922,2144;1929,2146;1936,2146;1943,2144;2188,2025;2195,2019;2199,2013;2201,2006;2201,1999;2199,1993;2185,1963;2179,1955;2173,1951;2166,1949
rotated-399|4115,3899;4104,3901;3985,3931;3975,3934;3965,3940;3957,3947;3949,3955;3943,3965;3939,3976;3937,3987;3937,3998;3939,4009;3997,4232;4000,4241;4005,4251;4012,4260;4021,4268;4041,4278;4052,4280;4064,4280;4075,4278;4194,4248;4204,4245;4214,4239;4222,4232;4230,4224;4236,4214;4240,4203;4242,4192;4242,4181;4240,4170;4182,3947;4179,3938;4174,3928;4167,3919;4158,3911;4138,3901;4127,3899
rotated-400|14,-33;-27,-23;-33,-20;-37,-16;-38,-11;-38,-6;-31,22;-28,28;-24,32;-19,33;-14,33;27,23;33,20;37,16;38,11;38,6;31,-22;28,-28;24,-32;19,-33
rotated-401|10,-81;3,-79;-4,-76;-9,-70;-72,11;-76,17;-78,24;-78,31;-76,39;-72,45;-67,50;-25,82;-20,86;-12,88;-5,88;2,86;9,83;14,77;77,-4;81,-10;83,-17;83,-24;81,-32;77,-38;72,-43;30,-75;25,-79;17,-81
rotated-402|1938,1919;1929,1922;1922,1926;1915,1932;1910,1939;1881,1993;1878,2001;1876,2010;1877,2019;1880,2028;1884,2035;1890,2042;1897,2047;2131,2172;2139,2175;2148,2177;2157,2176;2166,2173;2173,2169;2180,2163;2185,2156;2214,2102;2217,2094;2219,2085;2218,2076;2215,2067;2211,2060;2205,2053;2198,2048;1964,1923;1956,1920;1947,1918
rotated-403|4302,4025;3868,4105;3862,4108;3859,4112;3856,4117;3856,4122;3859,4141;3862,4148;3866,4152;3871,4154;3877,4154;4311,4074;4317,4071;4320,4067;4323,4062;4323,4057;4320,4038;4317,4031;4313,4027;4308,4025
rotated-404|-63,-69;-70,-67;-76,-63;-81,-57;-84,-50;-98,-5;-99,1;-98,9;-96,16;-92,22;-86,27;-79,30;49,69;55,70;63,69;70,67;76,63;81,57;84,50;98,5;99,-1;98,-9;96,-16;92,-22;86,-27;79,-30;-49,-69;-55,-70
rotated-405|2,-39;-2,-36;-5,-33;-29,22;-29,30;-27,35;-23,37;-6,45;-2,46;3,46;7,43;10,40;34,-15;34,-23;32,-28;28,-30;11,-38;7,-39
rotated-406|1953,1957;1944,1960;1937,1965;1931,1972;1926,1980;1924,1988;1911,2055;1910,2064;1911,2073;1914,2082;1919,2089;1926,2095;1934,2100;1942,2102;2124,2138;2134,2139;2142,2138;2151,2135;2158,2130;2164,2123;2169,2115;2171,2107;2184,2040;2185,2031;2184,2022;2181,2013;2176,2006;2169,2000;2161,1995;2153,1993;1971,1957;1961,1956
rotated-407|4071,3900;4062,3903;4053,3907;4045,3913;4038,3921;4033,3929;4030,3939;3971,4200;3970,4209;3970,4219;3973,4228;3977,4237;3983,4245;3991,4252;3999,4257;4009,4260;4089,4278;4098,4279;4108,4279;4117,4276;4126,4272;4134,4266;4141,4258;4146,4250;4149,4240;4208,3979;4209,3970;4209,3960;4206,3951;4202,3942;4196,3934;4188,3927;4180,3922;4170,3919;4090,3901;4081,3900
rotated-408|-82,-221;-93,-219;-104,-215;-114,-210;-123,-202;-200,-126;-207,-118;-213,-108;-217,-98;-219,-87;-219,-75;-217,-64;-214,-53;-208,-43;-201,-34;30,202;39,209;49,215;59,219;71,221;82,221;93,219;104,215;114,210;123,202;200,126;207,118;213,108;217,98;219,87;219,75;217,64;214,53;208,43;201,34;-30,-202;-39,-209;-49,-215;-59,-219;-71,-221
rotated-409|-119,-241;-130,-239;-139,-234;-148,-228;-209,-174;-217,-165;-222,-156;-226,-146;-227,-135;-226,-125;-224,-115;-219,-105;-213,-97;75,230;84,239;94,244;104,248;114,249;124,248;135,246;144,241;153,235;214,181;222,172;227,163;231,153;232,142;231,132;229,122;224,112;218,104;-70,-223;-79,-232;-89,-237;-99,-241;-109,-242
rotated-410|2156,1971;1926,2097;1922,2101;1921,2105;1922,2109;1927,2120;1931,2124;1935,2125;1939,2124;2169,1998;2173,1994;2174,1990;2173,1986;2168,1975;2164,1971;2160,1970
rotated-411|4074,3956;4070,3959;4068,3963;4067,3967;4075,4212;4075,4215;4078,4219;4081,4222;4086,4223;4105,4223;4109,4220;4111,4216;4112,4212;4104,3967;4104,3964;4101,3960;4098,3957;4093,3956
rotated-412|-4,-69;-10,-66;-16,-62;-62,-15;-65,-11;-68,-5;-69,2;-69,9;-66,16;-62,21;-20,62;-17,65;-10,68;-3,69;4,69;10,66;16,62;62,15;65,11;68,5;69,-2;69,-9;66,-16;62,-21;20,-62;17,-65;10,-68;3,-69
rotated-413|20,-249;15,-247;12,-243;10,-238;-50,239;-49,245;-47,250;-43,253;-38,255;-21,257;-15,256;-10,254;-7,250;-5,245;55,-232;54,-238;52,-243;48,-246;43,-248;26,-250
rotated-414|1988,1862;1976,1866;1971,1870;1970,1874;1970,1878;2095,2227;2099,2232;2103,2233;2107,2233;2119,2229;2124,2225;2125,2221;2125,2217;2000,1868;1996,1863;1992,1862
rotated-415|4308,4000;3858,4139;3854,4141;3850,4145;3849,4150;3850,4155;3855,4171;3857,4175;3861,4179;3866,4180;3871,4179;4321,4040;4325,4038;4329,4034;4330,4029;4329,4024;4324,4008;4322,4004;4318,4000;4313,3999
rotated-416|-236,-65;-240,-63;-244,-60;-246,-55;-249,-40;-249,-36;-247,-32;-244,-28;-239,-26;232,65;236,65;240,63;244,60;246,55;249,40;249,36;247,32;244,28;239,26;-232,-65
rotated-417|-93,-207;-104,-205;-114,-201;-123,-196;-132,-189;-197,-121;-201,-116;-206,-107;-211,-97;-213,-86;-213,-76;-211,-65;-207,-55;-202,-45;-195,-37;53,198;58,201;67,207;77,211;87,214;98,214;109,212;119,208;128,203;137,196;202,128;206,123;211,114;216,104;218,93;218,83;216,72;212,62;207,52;200,44;-48,-191;-53,-194;-62,-200;-72,-204;-82,-207
rotated-418|1953,1873;1944,1876;1936,1881;1928,1888;1877,1944;1873,1949;1868,1958;1866,1967;1865,1977;1866,1986;1869,1996;1874,2004;1881,2012;2099,2211;2104,2215;2113,2220;2122,2222;2132,2223;2142,2222;2151,2219;2159,2214;2167,2207;2218,2151;2222,2146;2227,2137;2229,2128;2230,2118;2229,2109;2226,2099;2221,2091;2214,2083;1996,1884;1991,1880;1982,1875;1973,1873;1963,1872
rotated-419|4165,3818;4153,3820;4142,3824;4131,3830;4122,3837;4113,3846;3857,4167;3853,4172;3847,4183;3843,4194;3841,4206;3841,4219;3843,4231;3847,4242;3853,4253;3860,4263;3869,4271;3962,4345;3967,4349;3978,4355;3989,4359;4001,4361;4014,4361;4026,4359;4037,4355;4048,4349;4057,4342;4066,4333;4322,4012;4326,4007;4332,3996;4336,3985;4338,3973;4338,3960;4336,3948;4332,3937;4326,3926;4319,3916;4310,3908;4217,3834;4212,3830;4201,3824;4190,3820;4178,3818
rotated-420|-18,-63;-25,-61;-30,-57;-33,-52;-35,-45;-47,32;-47,39;-45,45;-41,50;-36,54;-30,56;10,63;18,63;25,61;30,57;33,52;35,45;47,-32;47,-39;45,-45;41,-50;36,-54;30,-56;-10,-63
rotated-421|-52,-173;-60,-169;-117,-136;-127,-129;-132,-121;-136,-113;-138,-104;-139,-95;-137,-86;-133,-77;7,161;14,170;21,175;30,179;39,181;48,182;57,180;65,176;122,143;132,136;137,128;141,120;143,111;144,102;142,93;138,84;-2,-154;-9,-163;-16,-168;-25,-172;-34,-174;-43,-175
rotated-422|2265,1870;1774,1982;1759,1987;1749,1993;1740,2001;1732,2010;1726,2020;1722,2031;1720,2043;1719,2055;1721,2067;1745,2172;1750,2187;1756,2197;1764,2206;1773,2214;1783,2220;1794,2224;1806,2226;1818,2227;1830,2225;2321,2113;2336,2108;2346,2102;2355,2094;2363,2085;2369,2075;2373,2064;2375,2052;2376,2040;2374,2028;2350,1923;2345,1908;2339,1898;2331,1889;2322,1881;2312,1875;2301,1871;2289,1869;2277,1868
rotated-423|4157,3945;4148,3948;4140,3953;3944,4095;3934,4104;3929,4112;3926,4121;3925,4131;3926,4140;3929,4149;3934,4158;3977,4217;3986,4226;3994,4231;4003,4234;4013,4235;4022,4234;4031,4231;4039,4226;4235,4084;4245,4075;4250,4067;4253,4058;4254,4048;4253,4039;4250,4030;4245,4021;4202,3962;4193,3953;4185,3948;4176,3945;4166,3944
rotated-424|162,-182;156,-178;-210,111;-214,114;-217,120;-219,127;-220,134;-218,141;-214,147;-192,174;-189,177;-183,181;-176,183;-169,184;-162,182;-156,178;210,-111;214,-114;217,-120;219,-127;220,-134;218,-141;214,-147;192,-174;189,-177;183,-181;176,-183;169,-184
rotated-425|1,-20;-3,-17;-19,2;-20,5;-20,10;-18,13;-6,25;-1,27;3,27;6,25;23,6;25,1;25,-3;23,-6;10,-18;5,-20
rotated-426|2060,1734;1968,1744;1960,1745;1949,1749;1940,1755;1931,1762;1924,1770;1918,1780;1915,1790;1913,1802;1913,1813;1966,2306;1967,2314;1971,2325;1977,2334;1984,2343;1992,2350;2002,2356;2013,2359;2024,2361;2035,2361;2127,2351;2135,2350;2146,2346;2155,2340;2164,2333;2171,2325;2177,2315;2180,2305;2182,2293;2182,2282;2129,1789;2128,1781;2124,1770;2118,1761;2111,1752;2103,1745;2093,1739;2082,1736;2071,1734
rotated-427|4069,3938;4060,3941;4051,3946;3968,4003;3960,4009;3954,4017;3949,4026;3946,4036;3946,4046;3947,4056;3950,4066;3955,4074;4057,4220;4063,4228;4071,4234;4080,4239;4089,4241;4099,4242;4110,4241;4119,4238;4128,4233;4211,4176;4219,4170;4225,4162;4230,4153;4233,4143;4233,4133;4232,4123;4229,4113;4224,4105;4122,3959;4116,3951;4108,3945;4099,3940;4090,3938;4080,3937
rotated-428|62,-27;-69,0;-74,2;-75,6;-75,10;-72,21;-70,25;-66,27;-62,27;69,0;74,-2;75,-6;75,-10;72,-21;70,-25;66,-27
rotated-429|-66,-154;-77,-149;-82,-144;-83,-140;-82,-136;58,156;62,161;67,162;71,161;82,156;87,151;88,147;87,143;-53,-149;-57,-154;-62,-155
rotated-430|2064,1899;2053,1901;2044,1905;2035,1911;1915,2012;1907,2020;1902,2029;1898,2039;1896,2049;1897,2059;1899,2069;1903,2079;1909,2087;1984,2177;1992,2186;2001,2191;2011,2195;2021,2197;2031,2196;2042,2194;2051,2190;2060,2184;2180,2083;2188,2075;2193,2066;2197,2056;2199,2046;2198,2036;2196,2026;2192,2016;2186,2008;2111,1918;2103,1909;2094,1904;2084,1900;2074,1898
rotated-431|3843,3926;3831,3929;3819,3934;3809,3941;3800,3949;3792,3959;3786,3969;3781,3981;3779,3993;3765,4111;3764,4120;3765,4132;3768,4144;3773,4156;3780,4166;3788,4175;3798,4183;3808,4189;3820,4194;3832,4196;4315,4253;4324,4254;4336,4253;4348,4250;4360,4245;4370,4238;4379,4230;4387,4220;4393,4210;4398,4198;4400,4186;4414,4068;4415,4059;4414,4047;4411,4035;4406,4023;4399,4013;4391,4004;4381,3996;4371,3990;4359,3985;4347,3983;3864,3926;3855,3925
rotated-432|122,-139;115,-138;109,-134;-159,70;-165,77;-168,84;-168,91;-167,98;-163,104;-143,130;-136,136;-129,139;-122,139;-115,138;-109,134;159,-70;165,-77;168,-84;168,-91;167,-98;163,-104;143,-130;136,-136;129,-139
rotated-433|-3,-13;-6,-11;-7,-8;-5,16;-5,18;-2,20;1,21;8,20;11,18;12,15;10,-9;10,-11;7,-13;4,-14
rotated-434|1915,1833;1906,1836;1897,1841;1890,1847;1842,1897;1838,1902;1833,1910;1830,1919;1828,1929;1829,1939;1832,1948;1837,1957;1843,1964;2138,2249;2143,2254;2151,2258;2161,2261;2170,2263;2180,2262;2189,2259;2198,2254;2205,2248;2253,2198;2257,2193;2262,2185;2265,2176;2267,2166;2266,2156;2263,2147;2258,2138;2252,2131;1957,1846;1952,1841;1944,1837;1934,1834;1925,1832
rotated-435|4070,4026;4058,4031;4054,4035;4053,4039;4053,4044;4096,4148;4100,4152;4104,4153;4109,4153;4121,4148;4125,4144;4126,4140;4126,4135;4083,4031;4079,4027;4075,4026
rotated-436|-63,-37;-68,-35;-73,-31;-76,-26;-78,-20;-80,5;-80,8;-78,14;-74,19;-70,22;-64,24;58,37;63,37;68,35;73,31;76,26;78,20;80,-5;80,-8;78,-14;74,-19;70,-22;64,-24;-58,-37
rotated-437|-51,-142;-64,-137;-69,-132;-71,-127;-70,-123;42,143;43,145;47,148;51,149;56,149;69,144;74,139;76,134;75,130;-37,-136;-38,-138;-42,-141;-46,-142
rotated-438|2197,1791;2185,1793;2174,1798;2163,1804;1779,2073;1773,2077;1765,2086;1758,2096;1752,2107;1749,2119;1747,2131;1748,2143;1750,2155;1754,2166;1761,2177;1828,2273;1832,2279;1841,2287;1851,2294;1862,2300;1874,2303;1886,2305;1898,2304;1910,2302;1921,2297;1932,2291;2316,2022;2322,2018;2330,2009;2337,1999;2343,1988;2346,1976;2348,1964;2347,1952;2345,1940;2341,1929;2334,1918;2267,1822;2263,1816;2254,1808;2244,1801;2233,1795;2221,1792;2209,1790
rotated-439|3995,3876;3985,3878;3976,3883;3967,3889;3905,3944;3898,3952;3892,3961;3889,3971;3887,3981;3888,3992;3890,4002;3895,4011;3901,4020;4136,4286;4145,4294;4153,4299;4163,4302;4173,4304;4184,4303;4194,4301;4203,4296;4212,4290;4274,4235;4281,4227;4287,4218;4290,4208;4292,4198;4291,4187;4289,4177;4284,4168;4278,4159;4043,3893;4034,3885;4026,3880;4016,3877;4006,3875
rotated-440|-77,-67;-84,-64;-90,-60;-95,-54;-98,-47;-109,-6;-109,8;-106,14;-102,20;-96,25;-89,28;64,67;77,67;84,64;90,60;95,54;98,47;109,6;109,-8;106,-14;102,-20;96,-25;89,-28;-64,-67
rotated-441|28,-146;18,-143;8,-138;-128,-53;-138,-45;-145,-36;-150,-27;-153,-17;-154,-7;-153,4;-150,14;-145,24;-80,128;-72,138;-63,145;-54,150;-44,153;-34,154;-23,153;-13,150;-3,145;133,60;143,52;150,43;155,34;158,24;159,14;158,3;155,-7;150,-17;85,-121;77,-131;68,-138;59,-143;49,-146;39,-147
rotated-442|1991,1780;1979,1783;1969,1787;1877,1836;1867,1843;1858,1851;1852,1860;1846,1870;1843,1881;1842,1893;1842,1904;1845,1915;1849,1926;2036,2280;2043,2290;2051,2299;2060,2306;2070,2311;2081,2314;2093,2315;2104,2315;2116,2312;2126,2308;2218,2259;2228,2252;2237,2244;2243,2235;2249,2225;2252,2214;2253,2202;2253,2191;2250,2180;2246,2169;2059,1815;2052,1805;2044,1796;2035,1789;2025,1784;2014,1781;2002,1780
rotated-443|4074,4053;4069,4055;4065,4059;4063,4064;4054,4101;4054,4107;4056,4112;4060,4116;4065,4118;4099,4126;4105,4126;4110,4124;4114,4120;4116,4115;4125,4078;4125,4072;4123,4067;4119,4063;4114,4061;4080,4053
rotated-444|52,-65;48,-63;-72,33;-75,36;-76,40;-76,45;-74,49;-64,61;-61,64;-57,65;-52,65;-48,63;72,-33;75,-36;76,-40;76,-45;74,-49;64,-61;61,-64;57,-65
rotated-445|-38,-161;-47,-158;-54,-153;-61,-146;-66,-139;-69,-130;-70,-121;-75,125;-74,136;-71,145;-66,152;-59,159;-51,164;-43,167;-34,168;32,169;43,168;52,165;59,160;66,153;71,146;74,137;75,128;80,-118;79,-129;76,-138;71,-145;64,-152;56,-157;48,-160;39,-161;-27,-162
rotated-446|1919,1883;1910,1885;1902,1890;1894,1896;1889,1903;1853,1959;1847,1970;1846,1980;1846,1989;1848,1998;1852,2007;1858,2014;1865,2020;2144,2205;2157,2211;2166,2212;2176,2212;2185,2210;2193,2205;2201,2199;2206,2192;2242,2136;2248,2125;2249,2115;2249,2106;2247,2097;2243,2088;2237,2081;2230,2075;1951,1890;1938,1884;1929,1883
rotated-447|4133,3986;4124,3987;4008,4019;3998,4024;3990,4029;3984,4036;3980,4044;3977,4053;3977,4062;3978,4071;4003,4162;4008,4172;4013,4180;4020,4186;4028,4190;4037,4193;4046,4193;4055,4192;4171,4160;4181,4155;4189,4150;4195,4143;4199,4135;4202,4126;4202,4117;4201,4108;4176,4017;4171,4007;4166,3999;4159,3993;4151,3989;4142,3986
rotated-448|32,-171;23,-169;14,-165;6,-159;-1,-152;-144,46;-147,52;-151,62;-153,71;-152,81;-150,91;-146,100;-140,108;-133,114;-68,162;-61,167;-52,170;-42,172;-32,171;-23,169;-14,165;-6,159;1,152;144,-46;147,-52;151,-62;153,-71;152,-81;150,-91;146,-100;140,-108;133,-114;68,-162;61,-167;52,-170;42,-172
rotated-449|17,-200;6,-198;-5,-194;-14,-188;-23,-180;-30,-171;-171,44;-176,53;-179,64;-181,75;-181,86;-179,97;-175,108;-169,117;-161,126;-152,133;-54,197;-45,202;-35,205;-23,207;-12,207;-1,205;10,201;19,195;28,187;35,178;176,-37;181,-46;184,-57;186,-68;186,-79;184,-90;180,-101;174,-110;166,-119;157,-126;59,-190;50,-195;40,-198;28,-200
rotated-450|1894,1917;1883,1920;1873,1925;1864,1931;1856,1939;1850,1948;1846,1958;1843,1969;1829,2069;1829,2087;1832,2097;1837,2107;1843,2116;1851,2124;1860,2130;1870,2134;1881,2137;2184,2178;2201,2178;2212,2175;2222,2170;2231,2164;2239,2156;2245,2147;2249,2137;2252,2126;2266,2026;2266,2008;2263,1998;2258,1988;2252,1979;2244,1971;2235,1965;2225,1961;2214,1958;1911,1917
rotated-451|4123,3926;4112,3929;4103,3935;3940,4048;3935,4052;3927,4060;3921,4069;3917,4079;3915,4090;3914,4100;3916,4111;3919,4122;3925,4131;3993,4229;3997,4234;4005,4242;4014,4248;4024,4252;4035,4254;4045,4255;4056,4253;4067,4250;4076,4244;4239,4131;4244,4127;4252,4119;4258,4110;4262,4100;4264,4089;4265,4079;4263,4068;4260,4057;4254,4048;4186,3950;4182,3945;4174,3937;4165,3931;4155,3927;4144,3925;4134,3924
rotated-452|50,-155;-67,-148;-83,-145;-93,-141;-102,-134;-109,-127;-115,-118;-120,-108;-122,-97;-122,-87;-111,100;-108,116;-104,126;-97,135;-90,142;-81,148;-71,153;-60,155;-50,155;67,148;83,145;93,141;102,134;109,127;115,118;120,108;122,97;122,87;111,-100;108,-116;104,-126;97,-135;90,-142;81,-148;71,-153;60,-155
rotated-453|30,-118;21,-115;13,-111;-110,-18;-119,-9;-123,-1;-126,8;-127,17;-126,26;-123,35;-119,43;-69,109;-60,118;-52,122;-43,125;-34,126;-25,125;-16,122;-8,118;115,25;124,16;128,8;131,-1;132,-10;131,-19;128,-28;124,-36;74,-102;65,-111;57,-115;48,-118;39,-119
rotated-454|2230,1881;2223,1884;1821,2127;1815,2132;1810,2138;1807,2145;1807,2153;1808,2160;1811,2167;1832,2201;1837,2207;1843,2212;1850,2214;1858,2215;1865,2214;1872,2211;2274,1968;2280,1963;2285,1957;2288,1950;2288,1942;2287,1935;2284,1928;2263,1894;2258,1888;2252,1883;2245,1881;2237,1880
rotated-455|4059,3940;4049,3942;4039,3945;4031,3951;4023,3958;4018,3967;4014,3976;3963,4139;3961,4150;3961,4160;3963,4170;3966,4180;3972,4188;3979,4196;3988,4201;3997,4205;4099,4237;4110,4239;4120,4239;4130,4237;4140,4234;4148,4228;4156,4221;4161,4212;4165,4203;4216,4040;4218,4029;4218,4019;4216,4009;4213,3999;4207,3991;4200,3983;4191,3978;4182,3974;4080,3942;4069,3940
rotated-456|-154,-121;-157,-119;-163,-110;-164,-105;-163,-101;-161,-98;145,121;150,122;154,121;157,119;163,110;164,105;163,101;161,98;-145,-121;-150,-122
rotated-457|220,-196;208,-193;-277,-55;-284,-53;-295,-47;-305,-40;-314,-31;-321,-21;-326,-10;-330,1;-331,14;-331,26;-328,38;-296,149;-294,156;-288,167;-281,177;-273,186;-263,193;-252,198;-240,202;-228,203;-215,203;-203,200;282,62;289,60;300,54;310,47;319,38;326,28;331,17;335,6;336,-7;336,-19;333,-31;301,-142;299,-149;293,-160;286,-170;278,-179;268,-186;257,-191;245,-195;233,-196
rotated-458|2078,1987;2072,1989;1985,2057;1983,2060;1980,2065;1979,2070;1980,2076;1982,2081;1998,2102;2001,2105;2006,2108;2012,2109;2017,2108;2023,2106;2110,2038;2112,2035;2115,2030;2116,2025;2115,2019;2113,2014;2097,1993;2094,1990;2089,1987;2083,1986
rotated-459|4135,3915;4127,3917;4120,3920;4114,3925;4109,3932;3971,4195;3968,4205;3968,4213;3969,4221;3973,4228;3978,4234;3985,4239;4026,4261;4036,4264;4044,4264;4052,4262;4059,4259;4065,4254;4070,4247;4208,3984;4211,3974;4211,3966;4210,3958;4206,3951;4201,3945;4194,3940;4153,3918;4143,3915
rotated-460|187,-169;177,-166;-243,-1;-252,3;-260,10;-267,17;-272,26;-275,36;-276,46;-275,56;-272,66;-244,137;-240,146;-233,154;-226,161;-217,166;-207,169;-197,170;-187,169;-177,166;243,1;252,-3;260,-10;267,-17;272,-26;275,-36;276,-46;275,-56;272,-66;244,-137;240,-146;233,-154;226,-161;217,-166;207,-169;197,-170
rotated-461|-145,-188;-149,-187;-158,-180;-161,-174;-161,-170;-159,-166;141,192;146,195;150,195;154,194;163,187;166,181;166,177;164,173;-136,-185;-141,-188
rotated-462|2020,1904;2011,1906;2001,1909;1993,1915;1986,1922;1980,1930;1976,1939;1927,2097;1925,2106;1925,2116;1927,2126;1931,2135;1936,2143;1943,2151;1951,2156;1961,2160;2057,2189;2065,2191;2075,2191;2084,2189;2094,2186;2102,2180;2109,2173;2115,2165;2119,2156;2168,1998;2170,1989;2170,1979;2168,1969;2164,1960;2159,1952;2152,1944;2144,1939;2134,1935;2038,1906;2030,1904
rotated-463|4273,3899;4262,3901;3842,4032;3826,4039;3817,4046;3808,4054;3801,4064;3796,4075;3793,4086;3791,4098;3792,4110;3794,4122;3827,4230;3834,4246;3841,4256;3850,4264;3860,4271;3870,4276;3882,4280;3894,4281;3906,4280;3917,4278;4337,4147;4353,4140;4362,4133;4371,4125;4378,4115;4383,4104;4386,4093;4388,4081;4387,4069;4385,4057;4352,3949;4345,3933;4338,3923;4329,3915;4319,3908;4309,3903;4297,3899;4285,3898
rotated-464|-104,-93;-113,-91;-121,-87;-128,-81;-134,-73;-138,-65;-141,-56;-151,17;-150,30;-148,39;-144,47;-138,54;-130,60;-122,64;-113,67;91,94;104,93;113,91;121,87;128,81;134,73;138,65;141,56;151,-17;150,-30;148,-39;144,-47;138,-54;130,-60;122,-64;113,-67;-91,-94
rotated-465|80,-267;71,-264;64,-259;57,-253;52,-245;-173,187;-177,197;-178,206;-177,215;-174,224;-169,231;-163,238;-155,243;-103,270;-93,274;-84,275;-75,274;-66,271;-59,266;-52,260;-47,252;178,-180;182,-190;183,-199;182,-208;179,-217;174,-224;168,-231;160,-236;108,-263;98,-267;89,-268
rotated-466|1983,1953;1977,1956;1972,1961;1949,1988;1944,1996;1943,2003;1944,2010;1947,2016;1952,2021;2090,2137;2098,2142;2105,2143;2112,2142;2118,2139;2123,2134;2146,2107;2151,2099;2152,2092;2151,2085;2148,2079;2143,2074;2005,1958;1997,1953;1990,1952
rotated-467|4045,4055;4039,4057;4035,4061;4032,4066;4030,4071;4029,4101;4030,4105;4031,4110;4035,4115;4040,4118;4046,4120;4130,4125;4134,4124;4140,4122;4144,4118;4147,4113;4149,4108;4150,4078;4149,4074;4148,4069;4144,4064;4139,4061;4133,4059;4049,4054
rotated-468|17,-89;10,-86;-79,-33;-88,-26;-92,-19;-95,-11;-96,-3;-95,5;-91,13;-56,74;-54,77;-48,83;-41,88;-33,90;-25,91;-17,89;-10,86;79,33;88,26;92,19;95,11;96,3;95,-5;91,-13;56,-74;54,-77;48,-83;41,-88;33,-90;25,-91
rotated-469|-18,-115;-26,-113;-34,-109;-87,-74;-91,-71;-97,-64;-101,-57;-103,-48;-103,-40;-101,-32;-97,-24;-11,106;-8,110;-1,116;6,120;15,122;23,122;31,120;39,116;92,81;96,78;102,71;106,64;108,55;108,47;106,39;102,31;16,-99;13,-103;6,-109;-1,-113;-10,-115
rotated-470|2069,1904;2061,1906;2054,1910;2048,1915;2044,1922;1948,2123;1945,2133;1945,2141;1947,2149;1950,2156;1956,2162;1963,2166;2008,2188;2018,2191;2026,2191;2034,2189;2041,2185;2047,2180;2051,2173;2147,1972;2150,1962;2150,1954;2148,1946;2145,1939;2139,1933;2132,1929;2087,1907;2077,1904
rotated-471|4207,3912;4201,3915;4196,3919;3929,4210;3924,4217;3923,4223;3923,4230;3926,4236;3930,4241;3952,4261;3959,4266;3965,4267;3972,4267;3978,4264;3983,4260;4250,3969;4255,3962;4256,3956;4256,3949;4253,3943;4249,3938;4227,3918;4220,3913;4214,3912
rotated-472|-39,-122;-47,-119;-55,-113;-61,-106;-66,-98;-68,-89;-97,57;-98,69;-96,78;-93,86;-87,94;-80,100;-72,105;-63,107;18,123;30,124;39,122;47,119;55,113;61,106;66,98;68,89;97,-57;98,-69;96,-78;93,-86;87,-94;80,-100;72,-105;63,-107;-18,-123;-30,-124
rotated-473|28,-91;23,-88;18,-83;-72,51;-74,56;-75,63;-74,69;-71,74;-66,79;-41,96;-36,98;-29,99;-23,98;-18,95;-13,90;77,-44;79,-49;80,-56;79,-62;76,-67;71,-72;46,-89;41,-91;34,-92
rotated-474|2049,1906;2040,1909;2032,1914;2026,1921;2021,1928;1937,2101;1934,2111;1933,2120;1934,2129;1937,2137;1942,2145;1949,2151;1956,2156;2019,2186;2029,2189;2038,2190;2046,2189;2055,2186;2063,2181;2069,2174;2074,2167;2158,1994;2161,1984;2162,1975;2161,1966;2158,1958;2153,1950;2146,1944;2139,1939;2076,1909;2066,1906;2057,1905
rotated-475|3979,3978;3971,3980;3964,3984;3958,3989;3954,3995;3934,4036;3931,4045;3931,4053;3933,4060;3936,4067;3941,4073;3948,4078;4183,4198;4192,4201;4200,4201;4208,4199;4215,4195;4221,4190;4225,4184;4245,4143;4248,4134;4248,4126;4246,4119;4243,4112;4238,4106;4231,4101;3996,3981;3987,3978
rotated-476|168,-126;-186,-100;-195,-99;-206,-95;-216,-90;-225,-83;-232,-74;-238,-65;-242,-54;-244,-43;-244,-32;-236,68;-235,77;-231,88;-226,98;-219,106;-211,114;-201,120;-191,124;-180,126;-168,126;186,100;195,99;206,95;216,90;225,83;232,74;238,65;242,54;244,43;244,32;236,-68;235,-77;231,-88;226,-98;219,-106;211,-114;201,-120;191,-124;180,-126
rotated-477|-146,-160;-152,-155;-154,-152;-154,-149;-152,-146;143,166;144,167;148,168;151,167;157,162;159,159;159,156;157,153;-138,-159;-139,-160;-143,-161
rotated-478|1822,1957;1818,1960;1816,1964;1811,1980;1810,1985;1812,1990;1815,1994;1819,1996;2263,2139;2268,2140;2273,2138;2277,2135;2279,2131;2284,2115;2285,2110;2283,2105;2280,2101;2276,2099;1832,1956;1827,1955
rotated-479|4116,3994;4111,3997;4108,4001;4027,4155;4025,4162;4026,4167;4029,4172;4034,4175;4052,4184;4058,4186;4063,4185;4068,4182;4071,4178;4152,4024;4154,4017;4153,4012;4150,4007;4145,4004;4127,3995;4121,3993
rotated-480|58,-297;45,-295;34,-292;23,-286;13,-279;4,-270;-3,-260;-229,124;-232,131;-236,142;-239,154;-239,166;-237,179;-234,190;-228,201;-221,211;-212,220;-202,227;-100,287;-93,290;-82,294;-70,297;-58,297;-45,295;-34,292;-23,286;-13,279;-4,270;3,260;229,-124;232,-131;236,-142;239,-154;239,-166;237,-179;234,-190;228,-201;221,-211;212,-220;202,-227;100,-287;93,-290;82,-294;70,-297
rotated-481|6,-151;-4,-149;-86,-121;-92,-118;-100,-113;-107,-106;-113,-98;-116,-88;-118,-79;-118,-69;-116,-59;-53,126;-50,132;-45,140;-38,147;-30,153;-20,157;-11,158;-1,158;9,156;91,128;97,125;105,120;112,113;118,105;121,95;123,86;123,76;121,66;58,-119;55,-125;50,-133;43,-140;35,-146;25,-150;16,-151
rotated-482|2092,1855;2083,1857;2074,1862;2066,1868;2060,1875;1893,2124;1890,2130;1886,2139;1885,2149;1885,2159;1888,2168;1892,2177;1898,2185;1906,2191;1968,2233;1974,2236;1983,2240;1993,2241;2003,2240;2012,2238;2021,2233;2029,2227;2035,2220;2202,1971;2205,1965;2209,1956;2210,1946;2210,1936;2207,1927;2203,1918;2197,1910;2189,1904;2127,1862;2121,1859;2112,1855;2102,1854
rotated-483|4127,3895;4118,3898;4109,3902;4101,3909;4095,3917;3932,4160;3927,4168;3924,4177;3923,4187;3924,4197;3927,4207;3931,4216;3938,4224;3945,4230;4013,4276;4022,4281;4031,4284;4041,4285;4052,4284;4061,4281;4070,4277;4078,4270;4084,4262;4247,4019;4252,4011;4255,4002;4256,3992;4255,3982;4252,3972;4248,3963;4241,3955;4234,3949;4166,3903;4157,3898;4148,3895;4138,3894
rotated-484|-26,-101;-34,-99;-42,-94;-48,-89;-53,-81;-97,5;-99,11;-101,20;-100,29;-98,37;-94,45;-88,51;-80,56;2,98;9,100;17,102;26,101;34,99;42,94;48,89;53,81;97,-5;99,-11;101,-20;100,-29;98,-37;94,-45;88,-51;80,-56;-2,-98;-9,-100;-17,-102
rotated-485|-117,-31;-121,-28;-125,-24;-126,-20;-128,-3;-128,3;-125,7;-121,11;-116,12;117,38;122,38;126,35;130,31;131,27;133,10;133,4;130,0;126,-4;121,-5;-112,-31
rotated-486|2055,2007;2050,2008;2014,2027;2008,2032;2006,2037;2006,2043;2008,2048;2025,2080;2029,2086;2034,2088;2040,2088;2045,2087;2081,2068;2087,2063;2089,2058;2089,2052;2087,2047;2070,2015;2066,2009;2061,2007
rotated-487|4066,3936;4055,3937;4045,3941;4036,3946;4028,3953;4022,3961;4017,3970;3955,4128;3952,4140;3952,4151;3953,4161;3957,4171;3962,4180;3969,4188;3977,4194;3986,4199;4091,4240;4103,4243;4113,4243;4124,4242;4134,4238;4143,4233;4151,4226;4157,4218;4162,4209;4224,4051;4227,4039;4227,4028;4226,4018;4222,4008;4217,3999;4210,3991;4202,3985;4193,3980;4088,3939;4076,3936
rotated-488|-18,-63;-24,-59;-29,-54;-31,-48;-52,24;-53,32;-52,38;-48,44;-43,49;-37,51;4,63;12,64;18,63;24,59;29,54;31,48;52,-24;53,-32;52,-38;48,-44;43,-49;37,-51;-4,-63;-12,-64
rotated-489|84,-197;83,-195;-88,199;-88,202;-86,204;-82,205;-79,204;-78,202;93,-192;93,-195;91,-197;87,-198
rotated-490|2046,1805;2042,1808;2039,1812;2038,1816;2017,2276;2017,2281;2020,2285;2023,2288;2028,2289;2044,2290;2049,2290;2053,2287;2056,2283;2057,2279;2078,1819;2078,1814;2075,1810;2072,1807;2067,1806;2051,1805
rotated-491|4049,4080;4048,4083;4048,4088;4049,4090;4052,4092;4127,4100;4130,4099;4131,4096;4131,4091;4130,4089;4127,4087;4052,4079
rotated-492|42,-228;31,-226;21,-222;12,-216;4,-209;-3,-200;-181,84;-184,90;-188,100;-190,111;-190,122;-188,132;-184,143;-178,152;-171,160;-162,167;-80,219;-74,222;-64,226;-53,228;-42,228;-31,226;-21,222;-12,216;-4,209;3,200;181,-84;184,-90;188,-100;190,-111;190,-122;188,-132;184,-143;178,-152;171,-160;162,-167;80,-219;74,-222;64,-226;53,-228
rotated-493|19,-70;12,-69;5,-66;-62,-22;-67,-18;-71,-12;-74,-5;-74,2;-73,9;-70,16;-38,65;-34,70;-28,74;-21,77;-14,77;-6,76;0,73;67,28;72,24;76,18;79,11;79,4;78,-4;75,-10;43,-58;39,-63;33,-67;26,-70
rotated-494|2145,1916;1902,1972;1889,1977;1880,1982;1872,1990;1866,1998;1862,2008;1859,2018;1858,2029;1860,2040;1882,2137;1887,2150;1893,2159;1900,2167;1909,2173;1918,2178;1929,2180;1939,2181;1950,2179;2193,2123;2206,2118;2215,2113;2223,2105;2229,2097;2233,2087;2236,2077;2237,2066;2235,2055;2213,1958;2208,1945;2202,1936;2195,1928;2186,1922;2177,1917;2166,1915;2156,1914
rotated-495|4180,3949;4176,3953;3973,4203;3971,4206;3970,4211;3972,4216;3975,4219;3987,4228;3990,4230;3995,4231;3999,4230;4003,4226;4206,3976;4208,3973;4209,3968;4207,3963;4204,3960;4192,3951;4189,3949;4184,3948
rotated-496|-44,-35;-49,-33;-53,-28;-55,-23;-60,0;-60,8;-57,13;-53,16;-48,18;37,35;44,35;49,33;53,28;55,23;60,0;60,-8;57,-13;53,-16;48,-18;-37,-35
rotated-497|37,-32;-46,-7;-51,-4;-54,0;-55,5;-55,10;-49,30;-46,35;-42,38;-37,39;-32,39;51,13;56,10;59,6;60,1;60,-4;54,-23;51,-28;47,-31;42,-32
rotated-498|2027,1840;2017,1841;2008,1844;2000,1849;1993,1856;1987,1864;1983,1873;1981,1882;1948,2196;1948,2202;1949,2212;1953,2221;1958,2229;1964,2236;1972,2242;1981,2246;1990,2248;2062,2255;2068,2255;2078,2254;2087,2251;2095,2246;2102,2239;2108,2231;2112,2222;2114,2213;2147,1899;2147,1893;2146,1883;2142,1874;2137,1866;2131,1859;2123,1853;2114,1849;2105,1847;2033,1840
rotated-499|4119,3970;4004,4000;3997,4002;3988,4007;3981,4013;3975,4021;3971,4030;3969,4039;3968,4049;3970,4059;4002,4176;4004,4181;4008,4190;4015,4198;4022,4204;4031,4208;4041,4210;4050,4211;4060,4209;4175,4179;4182,4177;4191,4172;4198,4166;4204,4158;4208,4149;4210,4140;4211,4130;4209,4120;4177,4003;4175,3998;4171,3989;4164,3981;4157,3975;4148,3971;4138,3969;4129,3968
rotated-500|170,-84;-187,31;-190,32;-195,36;-198,41;-199,47;-198,52;-191,73;-186,80;-181,83;-176,85;-170,84;187,-31;190,-32;195,-36;198,-41;199,-47;198,-52;191,-73;186,-80;181,-83;176,-85
rotated-501|-76,-178;-86,-177;-96,-173;-104,-168;-112,-161;-171,-97;-178,-88;-182,-79;-185,-69;-185,-58;-184,-48;-180,-38;-175,-29;-168,-22;42,171;51,178;60,182;70,185;81,185;91,184;101,180;109,175;117,168;176,104;183,95;187,86;190,76;190,65;189,55;185,45;180,36;173,29;-37,-164;-46,-171;-55,-175;-65,-178
rotated-502|1987,1950;1980,1952;1974,1956;1969,1961;1943,1996;1940,2002;1938,2009;1937,2016;1939,2024;1943,2030;1948,2035;2087,2139;2093,2142;2100,2145;2108,2145;2115,2143;2121,2139;2126,2134;2152,2099;2155,2093;2157,2086;2158,2079;2156,2071;2152,2065;2147,2060;2008,1956;2002,1953;1995,1950
rotated-503|4050,3973;4042,3975;4034,3980;4027,3986;3978,4044;3973,4051;3970,4060;3969,4069;3970,4077;3972,4086;3977,4094;3983,4100;4095,4197;4103,4203;4111,4206;4120,4207;4129,4206;4137,4204;4145,4199;4152,4193;4201,4135;4206,4128;4209,4119;4210,4110;4209,4102;4207,4093;4202,4085;4196,4079;4084,3982;4076,3976;4068,3973;4059,3972
rotated-504|-3,-230;-14,-228;-25,-223;-34,-217;-42,-209;-49,-200;-54,-190;-166,105;-168,114;-170,125;-169,137;-167,148;-162,158;-156,168;-148,176;-139,182;-129,188;-29,227;-19,229;-8,231;3,230;14,228;25,223;34,217;42,209;49,200;54,190;166,-105;168,-114;170,-125;169,-137;167,-148;162,-158;156,-168;148,-176;139,-182;129,-188;29,-227;19,-229;8,-231
rotated-505|-65,-135;-76,-133;-85,-128;-94,-122;-102,-115;-108,-106;-112,-96;-149,19;-151,33;-151,44;-149,54;-144,64;-138,72;-131,80;-122,86;-112,90;46,140;60,142;70,142;81,140;90,135;99,129;107,122;113,113;117,103;154,-12;156,-26;156,-37;154,-47;149,-57;143,-65;136,-73;127,-79;117,-83;-41,-133;-55,-135
rotated-506|1898,1830;1887,1832;1876,1837;1866,1843;1858,1851;1851,1860;1794,1949;1788,1960;1784,1971;1783,1983;1784,1994;1786,2006;1791,2016;1797,2026;1805,2035;1814,2042;2152,2256;2163,2261;2174,2264;2186,2266;2197,2265;2208,2263;2219,2258;2229,2252;2237,2244;2244,2235;2301,2146;2307,2135;2311,2124;2312,2112;2311,2101;2309,2089;2304,2079;2298,2069;2290,2060;2281,2053;1943,1839;1932,1834;1921,1831;1909,1829
rotated-507|4172,3958;4162,3961;3957,4027;3947,4031;3939,4037;3932,4044;3926,4053;3922,4062;3920,4072;3920,4082;3922,4093;3950,4184;3955,4194;3961,4203;3969,4210;3977,4215;3987,4219;3997,4221;4007,4221;4017,4218;4222,4152;4232,4148;4240,4142;4247,4135;4253,4126;4257,4117;4259,4107;4259,4097;4257,4086;4229,3995;4224,3985;4218,3976;4210,3969;4202,3964;4192,3960;4182,3958
rotated-508|-38,-229;-49,-226;-59,-222;-69,-215;-77,-207;-83,-198;-88,-187;-90,-176;-141,139;-142,149;-141,160;-138,171;-134,181;-127,191;-119,199;-110,205;-99,210;-88,212;17,229;27,230;38,229;49,226;59,222;69,215;77,207;83,198;88,187;90,176;141,-139;142,-149;141,-160;138,-171;134,-181;127,-191;119,-199;110,-205;99,-210;88,-212;-17,-229;-27,-230
rotated-509|144,-175;133,-173;124,-169;-208,3;-219,10;-226,18;-232,27;-236,37;-238,47;-238,57;-236,68;-232,77;-193,152;-186,163;-178,170;-169,176;-159,180;-149,182;-139,182;-128,180;-119,176;213,4;224,-3;231,-11;237,-20;241,-30;243,-40;243,-50;241,-61;237,-70;198,-145;191,-156;183,-163;174,-169;164,-173;154,-175
rotated-510|2029,1923;1988,1936;1981,1939;1975,1944;1971,1950;1969,1957;1968,1965;1970,1972;2032,2154;2034,2159;2039,2165;2045,2170;2052,2172;2059,2173;2066,2172;2107,2159;2114,2156;2120,2151;2124,2145;2126,2138;2127,2130;2125,2123;2063,1941;2061,1936;2056,1930;2050,1925;2043,1923;2036,1922
rotated-511|4108,3967;4100,3970;4093,3975;4088,3981;3988,4128;3983,4139;3982,4147;3983,4155;3986,4163;3991,4170;3997,4175;4044,4207;4055,4212;4063,4213;4071,4212;4079,4209;4086,4204;4091,4198;4191,4051;4196,4040;4197,4032;4196,4024;4193,4016;4188,4009;4182,4004;4135,3972;4124,3967;4116,3966
small-0-0|0,0;0,1;1,1;1,0
small-0-1|0,-1;-1,0;-1,3;0,4;1,4;2,3;2,0;1,-1
small-0-2|0,-1;-1,0;-1,16;0,17;1,17;2,16;2,0;1,-1
small-0-3|0,-1;-1,0;-1,1024;0,1025;1,1025;2,1024;2,0;1,-1
small-1-0|0,0;0,1;1,1;1,0
small-1-1|0,-1;-1,0;-1,3;0,4;1,4;2,3;2,0;1,-1
small-1-2|0,-1;-1,0;-1,16;0,17;1,17;2,16;2,0;1,-1
small-1-3|0,-1;-1,0;-1,1024;0,1025;1,1025;2,1024;2,0;1,-1
small-2-0|0,-1;-1,0;-1,1;0,2;1,2;2,1;2,0;1,-1
small-2-1|0,-1;-1,0;-1,3;0,4;1,4;2,3;2,0;1,-1
small-2-2|0,-1;-1,0;-1,16;0,17;1,17;2,16;2,0;1,-1
small-2-3|0,-2;-2,0;-2,1024;0,1026;1,1026;3,1024;3,0;1,-2
small-3-0|0,-1;-1,0;-1,1;0,2;2,2;3,1;3,0;2,-1
small-3-1|0,-1;-1,0;-1,3;0,4;2,4;3,3;3,0;2,-1
small-3-2|0,-1;-1,0;-1,16;0,17;2,17;3,16;3,0;2,-1
small-3-3|0,-2;-2,0;-2,1024;0,1026;2,1026;4,1024;4,0;2,-2
small-4-0|0,-1;-1,0;-1,1;0,2;2,2;3,1;3,0;2,-1
small-4-1|0,-1;-1,0;-1,3;0,4;2,4;3,3;3,0;2,-1
small-4-2|0,-2;-2,0;-2,16;0,18;2,18;4,16;4,0;2,-2
small-4-3|-1,-2;-2,0;-2,1025;0,1026;3,1026;4,1024;4,-1;2,-2
small-5-0|0,-1;-1,0;-1,1;0,2;2,2;3,1;3,0;2,-1
small-5-1|0,-1;-1,0;-1,3;0,4;2,4;3,3;3,0;2,-1
small-5-2|-1,-2;-2,0;-2,17;0,18;3,18;4,16;4,-1;2,-2
small-5-3|-1,-2;-2,0;-2,1025;0,1026;3,1026;4,1024;4,-1;2,-2
small-6-0|0,-1;-1,0;-1,1;0,2;3,2;4,1;4,0;3,-1
small-6-1|0,-1;-1,0;-1,3;0,4;3,4;4,3;4,0;3,-1
small-6-2|-1,-2;-2,0;-2,17;0,18;4,18;5,16;5,-1;3,-2
small-6-3|-1,-2;-2,0;-2,1025;0,1026;4,1026;5,1024;5,-1;3,-2
multi-0|-2,-2;-2,12;0,13;10,13;12,12;13,10;13,0;12,-2
multi-1|17,12;18,10;18,0;17,-2;-2,-2;-2,12;0,13;15,13
multi-2|22,12;23,10;23,0;22,-2;-2,-2;-2,12;0,13;20,13
multi-3|23,12;24,10;24,0;23,-2;-2,-2;-2,12;0,13;21,13
multi-4|14,-2;14,12;16,13;26,13;28,12;29,10;29,0;28,-2/-2,-2;-2,12;0,13;10,13;12,12;13,10;13,0;12,-2
multi-5|30,-2;30,12;32,13;42,13;44,12;45,10;45,0;44,-2/-2,-2;-2,12;0,13;10,13;12,12;13,10;13,0;12,-2
